rank,char,frequency
1,的,508416
2,国,224939
3,中,220042
4,一,183702
5,人,162525
6,在,145473
7,发,142102
8,业,137164
9,和,130689
10,大,129515
11,有,128054
12,新,123303
13,年,121947
14,化,111144
15,是,111069
16,展,110771
17,为,110769
18,工,109502
19,作,108326
20,了,103052
21,生,101471
22,动,101443
23,不,101277
24,全,99923
25,能,89989
26,会,88548
27,高,87739
28,力,86867
29,地,84899
30,成,84654
31,家,84188
32,产,83407
33,上,82210
34,民,80911
35,进,80816
36,建,80712
37,实,80623
38,要,79117
39,合,75848
40,学,74897
41,出,74878
42,公,74151
43,行,73608
44,来,72954
45,长,71889
46,等,71336
47,经,70669
48,文,70564
49,市,70499
50,以,70016
51,时,69076
52,理,68279
53,主,68250
54,体,67483
55,多,67244
56,方,67106
57,技,66895
58,同,64868
59,我,64377
60,区,63291
61,对,63290
62,重,62148
63,平,61980
64,到,61843
65,现,61421
66,部,61277
67,开,61201
68,加,60628
69,用,60393
70,务,59822
71,个,59802
72,设,58988
73,机,58739
74,与,58490
75,提,56297
76,关,55880
77,推,54889
78,制,52823
79,政,52698
80,这,52499
81,心,51783
82,共,51167
83,级,50548
84,强,50398
85,科,50348
86,保,50279
87,持,50019
88,更,49905
89,法,49803
90,代,49748
91,创,49166
92,自,49006
93,日,48433
94,电,47466
95,程,47220
96,们,47160
97,面,47007
98,量,47004
99,通,46850
100,定,46834
101,场,46640
102,好,45941
103,过,44919
104,司,43869
105,员,43773
106,师,43699
107,者,43443
108,入,42591
109,记,42539
110,水,42442
111,本,41938
112,品,41706
113,分,41634
114,党,41200
115,安,40964
116,资,40939
117,度,40794
118,下,40623
119,于,40596
120,前,40588
121,性,40559
122,事,40220
123,系,40129
124,就,39743
125,术,39522
126,社,38975
127,深,38709
128,总,38657
129,海,38379
130,近,38371
131,研,38169
132,村,37781
133,治,37593
134,月,37379
135,济,37226
136,着,36672
137,服,36359
138,企,36357
139,增,36206
140,基,35892
141,质,35822
142,可,35533
143,活,34743
144,物,34678
145,从,34243
146,数,33953
147,小,33717
148,正,33706
149,应,33579
150,任,33440
151,将,33290
152,表,33020
153,书,32966
154,点,32949
155,间,32782
156,式,32744
157,外,32401
158,统,32277
159,院,32262
160,里,32190
161,目,32185
162,明,32133
163,农,32003
164,造,31939
165,规,31827
166,之,31814
167,源,31766
168,也,31724
169,项,31705
170,运,31652
171,利,31508
172,限,31507
173,路,31468
174,向,31280
175,战,31141
176,内,31122
177,领,30981
178,子,30967
179,说,30952
180,天,30792
181,得,30756
182,后,30718
183,教,30672
184,当,30470
185,金,30439
186,各,30227
187,交,30119
188,管,30110
189,车,30077
190,万,30048
191,西,29991
192,信,29927
193,城,29794
194,习,29652
195,护,29444
196,支,29389
197,南,29325
198,山,29141
199,道,28671
200,期,28632
201,流,28588
202,立,28369
203,育,28212
204,次,28195
205,特,28157
206,集,28034
207,题,27845
208,相,27673
209,传,27581
210,北,27219
211,续,27218
212,组,27193
213,第,26624
214,坚,26567
215,台,26494
216,色,26469
217,升,26453
218,团,26387
219,美,26298
220,起,26293
221,态,26283
222,委,26003
223,风,25873
224,效,25754
225,智,25613
226,局,25520
227,联,25444
228,他,25438
229,精,25341
230,域,25277
231,改,25251
232,际,25223
233,施,25211
234,门,25200
235,种,25167
236,调,25079
237,供,25030
238,元,24908
239,解,24863
240,华,24597
241,费,24474
242,如,24468
243,导,24327
244,优,24134
245,江,24034
246,三,24001
247,求,23984
248,广,23748
249,问,23702
250,老,23596
251,专,23581
252,最,23465
253,步,23430
254,计,23419
255,省,23208
256,示,23132
257,报,23065
258,东,23038
259,位,23027
260,世,23004
261,放,23000
262,营,22973
263,两,22847
264,环,22810
265,意,22810
266,还,22799
267,需,22754
268,球,22681
269,融,22614
270,都,22565
271,游,22456
272,手,22323
273,商,22208
274,境,22186
275,让,22131
276,界,21976
277,队,21969
278,及,21912
279,构,21901
280,众,21898
281,责,21890
282,消,21884
283,比,21802
284,带,21619
285,其,21604
286,所,21428
287,标,21353
288,义,21309
289,口,21286
290,打,21274
291,群,21096
292,情,21081
293,十,21052
294,办,21005
295,医,20893
296,究,20705
297,线,20648
298,引,20609
299,据,20415
300,议,20375
301,今,20355
302,完,20269
303,形,20159
304,型,20157
305,结,20145
306,变,20018
307,名,19978
308,接,19942
309,策,19826
310,网,19801
311,收,19760
312,快,19659
313,看,19657
314,指,19561
315,协,19523
316,二,19362
317,转,19344
318,助,19290
319,越,19278
320,而,19192
321,感,19087
322,节,19048
323,处,18957
324,准,18872
325,乡,18747
326,京,18725
327,果,18724
328,气,18682
329,干,18340
330,验,18247
331,达,18232
332,决,18221
333,常,18185
334,模,18098
335,州,18060
336,投,18052
337,条,17976
338,边,17908
339,观,17880
340,历,17870
341,件,17793
342,县,17776
343,河,17762
344,断,17758
345,类,17421
346,把,17318
347,并,17260
348,走,17255
349,族,17176
350,空,17102
351,青,17089
352,织,17038
353,监,17007
354,首,17004
355,单,17003
356,旅,16896
357,张,16860
358,参,16828
359,四,16769
360,史,16713
361,无,16679
362,已,16633
363,然,16581
364,至,16572
365,革,16564
366,军,16342
367,身,16312
368,超,16229
369,想,16120
370,去,16093
371,头,16040
372,积,16015
373,落,16007
374,备,15971
375,神,15967
376,原,15881
377,权,15861
378,布,15801
379,稳,15783
380,受,15775
381,先,15703
382,女,15702
383,做,15690
384,光,15664
385,极,15634
386,副,15620
387,整,15556
388,才,15518
389,确,15387
390,互,15320
391,林,15280
392,思,15150
393,范,15128
394,央,15109
395,亿,15101
396,些,15089
397,字,15055
398,景,15033
399,回,14981
400,清,14951
401,善,14927
402,案,14917
403,举,14893
404,客,14886
405,取,14849
406,见,14839
407,影,14824
408,查,14821
409,促,14781
410,亚,14756
411,维,14703
412,古,14651
413,春,14643
414,艺,14531
415,贸,14517
416,命,14501
417,少,14478
418,养,14473
419,绿,14473
420,势,14450
421,论,14345
422,具,14265
423,防,14214
424,兴,14167
425,健,14035
426,易,13986
427,层,13870
428,样,13858
429,复,13839
430,王,13814
431,障,13774
432,此,13699
433,难,13697
434,每,13642
435,价,13596
436,益,13490
437,非,13456
438,格,13433
439,识,13407
440,校,13317
441,装,13241
442,周,13233
443,视,13229
444,培,13173
445,席,13117
446,给,12952
447,花,12947
448,志,12805
449,园,12766
450,热,12739
451,斯,12730
452,认,12716
453,息,12659
454,速,12613
455,划,12609
456,未,12579
457,由,12511
458,检,12493
459,知,12412
460,马,12404
461,职,12345
462,红,12333
463,李,12218
464,站,12130
465,赛,12129
466,值,12101
467,预,12085
468,使,12030
469,五,11995
470,争,11925
471,双,11912
472,根,11909
473,因,11904
474,反,11832
475,器,11828
476,满,11692
477,份,11658
478,依,11650
479,何,11629
480,被,11622
481,别,11614
482,础,11592
483,负,11547
484,土,11523
485,府,11497
486,食,11481
487,约,11461
488,念,11309
489,铁,11309
490,险,11291
491,采,11288
492,证,11231
493,显,11149
494,注,11143
495,列,11138
496,纪,11131
497,户,11075
498,直,11058
499,核,11015
500,略,11002
501,破,10921
502,聚,10849
503,友,10817
504,居,10770
505,很,10769
506,尔,10762
507,修,10750
508,承,10745
509,拉,10700
510,话,10653
511,航,10629
512,阳,10628
513,率,10578
514,功,10574
515,富,10551
516,充,10537
517,真,10524
518,足,10521
519,再,10506
520,包,10447
521,镇,10417
522,配,10405
523,百,10387
524,选,10369
525,链,10351
526,考,10302
527,版,10242
528,馆,10229
529,图,10197
530,低,10191
531,容,10180
532,突,10176
533,福,10174
534,围,9990
535,段,9881
536,湖,9785
537,严,9785
538,只,9740
539,往,9721
540,料,9719
541,仅,9704
542,介,9698
543,连,9695
544,康,9674
545,则,9648
546,片,9609
547,演,9608
548,获,9575
549,察,9573
550,克,9552
551,班,9485
552,便,9482
553,石,9464
554,探,9445
555,余,9444
556,测,9436
557,排,9393
558,远,9368
559,米,9313
560,住,9298
561,但,9295
562,没,9282
563,算,9268
564,试,9255
565,讲,9222
566,置,9202
567,响,9157
568,始,9155
569,德,9107
570,切,9076
571,象,9072
572,博,9062
573,儿,9020
574,或,9001
575,挥,8992
576,底,8960
577,批,8942
578,火,8938
579,普,8934
580,龙,8817
581,律,8762
582,必,8724
583,致,8704
584,践,8700
585,乐,8659
586,云,8641
587,望,8630
588,控,8630
589,黄,8630
590,绍,8619
591,丰,8605
592,港,8554
593,遗,8550
594,房,8546
595,藏,8544
596,又,8531
597,药,8476
598,编,8444
599,扩,8439
600,照,8434
601,措,8433
602,股,8424
603,卫,8422
604,千,8374
605,抗,8352
606,苏,8268
607,终,8257
608,评,8210
609,白,8205
610,届,8203
611,减,8200
612,存,8189
613,随,8168
614,宁,8153
615,雪,8116
616,补,8103
617,士,8100
618,素,8092
619,索,8079
620,号,8073
621,刻,7991
622,享,7983
623,么,7964
624,室,7947
625,降,7945
626,告,7918
627,画,7874
628,刘,7855
629,税,7841
630,爱,7828
631,声,7811
632,八,7806
633,愿,7795
634,执,7789
635,树,7774
636,几,7763
637,访,7762
638,剧,7740
639,亲,7728
640,训,7726
641,飞,7722
642,审,7722
643,密,7707
644,陈,7668
645,田,7666
646,守,7651
647,材,7649
648,庆,7645
649,故,7610
650,紧,7585
651,轻,7570
652,巴,7555
653,写,7539
654,那,7528
655,银,7515
656,激,7440
657,跨,7404
658,担,7390
659,销,7369
660,货,7273
661,况,7213
662,温,7156
663,帮,7154
664,督,7119
665,键,7104
666,病,7087
667,汽,7078
668,己,7078
669,细,7063
670,良,7052
671,言,7017
672,植,6983
673,献,6978
674,救,6941
675,待,6929
676,款,6907
677,络,6874
678,伟,6831
679,综,6814
680,托,6803
681,序,6792
682,街,6791
683,贯,6764
684,厂,6751
685,送,6727
686,读,6724
687,疗,6720
688,适,6700
689,警,6700
690,该,6698
691,均,6653
692,劳,6584
693,眼,6545
694,惠,6537
695,座,6522
696,课,6472
697,沙,6462
698,牌,6461
699,油,6458
700,抓,6422
701,斗,6419
702,征,6414
703,洲,6410
704,例,6400
705,初,6393
706,阿,6378
707,较,6356
708,财,6355
709,急,6353
710,离,6348
711,继,6320
712,贵,6233
713,像,6228
714,遇,6227
715,播,6224
716,她,6170
717,临,6169
718,英,6162
719,印,6146
720,宣,6145
721,许,6104
722,武,6103
723,振,6084
724,启,6069
725,既,6064
726,太,6063
727,久,6052
728,店,6038
729,奋,6001
730,竞,5980
731,纳,5973
732,额,5949
733,冰,5947
734,星,5942
735,峰,5930
736,独,5914
737,草,5896
738,拓,5895
739,吸,5882
740,听,5882
741,购,5845
742,授,5819
743,微,5794
744,吉,5776
745,输,5761
746,木,5754
747,筑,5754
748,语,5749
749,移,5738
750,留,5707
751,请,5695
752,盖,5664
753,川,5656
754,慧,5642
755,碳,5641
756,候,5641
757,端,5619
758,季,5597
759,洋,5581
760,亮,5578
761,桥,5566
762,荣,5557
763,舞,5531
764,属,5523
765,压,5509
766,孩,5492
767,换,5472
768,除,5452
769,音,5450
770,浙,5445
771,岁,5414
772,杨,5412
773,占,5411
774,希,5390
775,早,5374
776,章,5367
777,免,5353
778,半,5334
779,短,5323
780,售,5309
781,录,5306
782,载,5267
783,即,5256
784,欧,5256
785,励,5251
786,贡,5218
787,鼓,5203
788,角,5187
789,署,5167
790,胜,5163
791,彻,5153
792,努,5126
793,累,5100
794,丽,5094
795,固,5069
796,板,5042
797,诉,4993
798,挑,4983
799,永,4979
800,筹,4957
801,练,4944
802,扎,4941
803,困,4916
804,曾,4911
805,波,4901
806,延,4900
807,失,4897
808,兰,4893
809,卡,4889
810,伴,4888
811,哈,4879
812,什,4872
813,欢,4860
814,违,4860
815,香,4849
816,六,4841
817,迎,4830
818,雨,4828
819,罗,4828
820,按,4825
821,彩,4818
822,须,4812
823,谈,4809
824,攻,4801
825,顺,4799
826,味,4771
827,频,4760
828,夏,4754
829,鲜,4747
830,退,4715
831,灾,4709
832,针,4705
833,庭,4702
834,追,4697
835,涉,4696
836,粮,4692
837,旧,4688
838,尼,4688
839,觉,4669
840,称,4660
841,焦,4650
842,击,4642
843,找,4619
844,害,4596
845,繁,4583
846,矿,4579
847,秀,4563
848,船,4561
849,宝,4557
850,菜,4547
851,喜,4530
852,赋,4526
853,蒙,4499
854,贴,4475
855,黑,4472
856,烈,4464
857,津,4429
858,扬,4427
859,库,4407
860,歌,4406
861,轮,4401
862,典,4397
863,牢,4394
864,申,4385
865,餐,4385
866,吃,4384
867,官,4381
868,套,4352
869,零,4343
870,靠,4338
871,某,4331
872,付,4329
873,背,4329
874,刚,4319
875,够,4317
876,岸,4301
877,尽,4297
878,逐,4295
879,阶,4278
880,援,4276
881,汉,4244
882,简,4240
883,假,4214
884,覆,4209
885,勇,4195
886,壮,4193
887,汇,4178
888,撑,4158
889,奖,4137
890,曲,4137
891,松,4136
892,握,4118
893,架,4118
894,兵,4110
895,穿,4074
896,董,4067
897,它,4056
898,递,4051
899,玉,4048
900,伙,4036
901,厚,4035
902,童,4031
903,陆,3996
904,染,3982
905,戏,3967
906,沿,3963
907,钢,3961
908,吴,3954
909,招,3938
910,宜,3928
911,岗,3928
912,潜,3904
913,七,3903
914,映,3894
915,述,3883
916,坦,3872
917,签,3862
918,径,3837
919,赵,3835
920,绕,3833
921,释,3828
922,停,3827
923,厅,3820
924,你,3815
925,幕,3792
926,盟,3789
927,跑,3786
928,赢,3778
929,堂,3774
930,夜,3774
931,茶,3768
932,杂,3764
933,夫,3762
934,择,3740
935,订,3739
936,登,3715
937,借,3707
938,湾,3698
939,拥,3687
940,楼,3673
941,疆,3670
942,贫,3660
943,循,3656
944,血,3652
945,冲,3647
946,驻,3639
947,雄,3638
948,予,3598
949,令,3584
950,潮,3584
951,哪,3580
952,码,3580
953,齐,3573
954,摄,3573
955,贷,3570
956,怀,3562
957,岛,3554
958,跟,3544
959,沟,3535
960,买,3531
961,梁,3525
962,括,3514
963,冬,3490
964,沉,3484
965,暖,3473
966,储,3469
967,巨,3468
968,灵,3468
969,瓦,3460
970,患,3456
971,九,3453
972,异,3444
973,洁,3442
974,倡,3436
975,差,3415
976,梦,3400
977,卖,3386
978,派,3376
979,判,3376
980,凝,3364
981,乌,3362
982,灯,3361
983,塔,3360
984,纷,3353
985,状,3351
986,野,3351
987,止,3339
988,脚,3319
989,却,3304
990,洪,3303
991,疾,3298
992,庄,3262
993,截,3245
994,著,3242
995,操,3238
996,俄,3227
997,泛,3226
998,涵,3226
999,笔,3221
1000,辆,3200
1001,箱,3199
1002,晚,3198
1003,呼,3195
1004,媒,3191
1005,答,3190
1006,脱,3182
1007,巡,3172
1008,含,3170
1009,泰,3164
1010,顾,3160
1011,钟,3157
1012,奇,3147
1013,徐,3117
1014,诗,3107
1015,坛,3102
1016,拍,3101
1017,损,3088
1018,射,3086
1019,扶,3082
1020,耕,3075
1021,票,3060
1022,篇,3052
1023,械,3041
1024,午,3024
1025,块,3024
1026,宇,3021
1027,搭,3011
1028,缺,3008
1029,仍,3000
1030,幅,2999
1031,幸,2996
1032,澳,2994
1033,召,2973
1034,唱,2971
1035,孙,2965
1036,危,2963
1037,浪,2956
1038,叶,2955
1039,圈,2946
1040,盘,2945
1041,盛,2940
1042,携,2938
1043,符,2930
1044,履,2930
1045,污,2926
1046,闻,2916
1047,坐,2909
1048,渐,2906
1049,休,2900
1050,腐,2889
1051,毕,2882
1052,钱,2880
1053,塑,2868
1054,蓝,2858
1055,尊,2827
1056,驶,2823
1057,析,2820
1058,谋,2818
1059,硬,2818
1060,卷,2814
1061,丝,2811
1062,亩,2810
1063,旗,2806
1064,朝,2795
1065,梅,2794
1066,罪,2777
1067,劲,2774
1068,畅,2765
1069,渠,2763
1070,览,2761
1071,吨,2761
1072,昌,2760
1073,辉,2757
1074,宽,2755
1075,冷,2730
1076,煤,2730
1077,礼,2727
1078,苗,2719
1079,犯,2717
1080,怎,2714
1081,饮,2712
1082,绝,2711
1083,忆,2709
1084,脑,2705
1085,徽,2703
1086,威,2702
1087,兼,2700
1088,宏,2699
1089,肥,2698
1090,伍,2698
1091,鸟,2694
1092,苦,2678
1093,绩,2673
1094,胡,2673
1095,阔,2672
1096,伏,2667
1097,残,2659
1098,拿,2655
1099,晓,2654
1100,萨,2652
1101,迈,2650
1102,跃,2649
1103,鉴,2644
1104,朋,2644
1105,赴,2643
1106,鲁,2638
1107,阅,2625
1108,秘,2622
1109,静,2622
1110,诊,2615
1111,熟,2606
1112,驾,2605
1113,顶,2599
1114,母,2599
1115,迹,2595
1116,丹,2595
1117,寻,2586
1118,辽,2585
1119,唐,2583
1120,伤,2582
1121,鱼,2580
1122,酒,2571
1123,掘,2564
1124,滨,2558
1125,且,2556
1126,讨,2553
1127,佳,2548
1128,忙,2544
1129,衡,2541
1130,奔,2536
1131,缩,2534
1132,左,2529
1133,韩,2527
1134,雷,2522
1135,避,2514
1136,脉,2502
1137,址,2500
1138,账,2494
1139,阵,2493
1140,乘,2485
1141,仪,2473
1142,骨,2473
1143,麦,2467
1144,甘,2466
1145,挖,2462
1146,透,2452
1147,隐,2450
1148,债,2444
1149,右,2443
1150,诚,2442
1151,侵,2442
1152,附,2441
1153,邮,2425
1154,呈,2424
1155,滑,2421
1156,尚,2417
1157,途,2416
1158,彰,2414
1159,杭,2407
1160,父,2395
1161,珍,2392
1162,奥,2390
1163,郑,2383
1164,烟,2374
1165,池,2367
1166,皮,2347
1167,饭,2342
1168,伊,2334
1169,祖,2332
1170,归,2328
1171,翻,2327
1172,另,2314
1173,森,2307
1174,谊,2305
1175,笑,2302
1176,返,2302
1177,遍,2302
1178,朱,2298
1179,柬,2297
1180,纸,2293
1181,散,2288
1182,封,2284
1183,沈,2282
1184,悉,2267
1185,毛,2266
1186,杰,2263
1187,哥,2256
1188,牵,2254
1189,盾,2244
1190,炼,2232
1191,距,2231
1192,屋,2220
1193,肃,2219
1194,束,2203
1195,败,2201
1196,震,2193
1197,裁,2192
1198,谢,2189
1199,圆,2184
1200,牛,2184
1201,窗,2184
1202,触,2181
1203,掌,2173
1204,坡,2165
1205,壁,2157
1206,似,2153
1207,谷,2152
1208,泉,2150
1209,抵,2149
1210,错,2127
1211,姓,2126
1212,忠,2125
1213,摆,2123
1214,乱,2122
1215,润,2119
1216,墙,2119
1217,宋,2118
1218,虚,2113
1219,绘,2112
1220,俗,2105
1221,挂,2103
1222,般,2086
1223,铺,2078
1224,肉,2074
1225,纠,2070
1226,敢,2063
1227,醒,2062
1228,屏,2062
1229,镜,2062
1230,井,2044
1231,词,2041
1232,趣,2039
1233,漫,2033
1234,遵,2026
1235,缓,2021
1236,诺,2013
1237,嘉,2012
1238,抢,2007
1239,弘,2004
1240,洞,2003
1241,宿,2002
1242,折,1998
1243,寨,1998
1244,巩,1997
1245,床,1997
1246,龄,1996
1247,租,1993
1248,邻,1984
1249,腾,1984
1250,趋,1981
1251,祥,1976
1252,软,1975
1253,韧,1973
1254,迁,1972
1255,露,1966
1256,估,1962
1257,敏,1958
1258,虽,1956
1259,丁,1955
1260,泽,1954
1261,衣,1953
1262,燃,1950
1263,涌,1943
1264,勤,1941
1265,牧,1939
1266,废,1937
1267,赞,1936
1268,瑞,1936
1269,祝,1928
1270,玩,1921
1271,锋,1919
1272,驱,1919
1273,浓,1917
1274,纽,1915
1275,芳,1914
1276,轨,1912
1277,郭,1911
1278,否,1902
1279,秋,1900
1280,乎,1898
1281,迪,1890
1282,陕,1877
1283,冠,1876
1284,隆,1864
1285,欣,1862
1286,竹,1859
1287,勃,1856
1288,灌,1853
1289,湿,1847
1290,铜,1839
1291,雅,1826
1292,甚,1820
1293,慢,1819
1294,询,1814
1295,邀,1804
1296,捷,1802
1297,赏,1802
1298,塞,1800
1299,若,1800
1300,赶,1799
1301,蕴,1795
1302,洛,1787
1303,横,1777
1304,岩,1776
1305,珠,1776
1306,秩,1775
1307,毒,1772
1308,泥,1766
1309,廉,1762
1310,舟,1759
1311,殖,1758
1312,宗,1756
1313,溪,1748
1314,埃,1747
1315,疫,1746
1316,毅,1744
1317,闲,1742
1318,勒,1739
1319,虑,1731
1320,倍,1728
1321,偿,1728
1322,锦,1726
1323,墨,1725
1324,妇,1719
1325,浩,1718
1326,拼,1717
1327,盐,1707
1328,粉,1704
1329,禁,1703
1330,坊,1703
1331,弹,1702
1332,昆,1697
1333,骑,1695
1334,矛,1688
1335,艰,1681
1336,鹏,1681
1337,籍,1680
1338,仓,1672
1339,罚,1671
1340,末,1670
1341,圳,1668
1342,尤,1658
1343,凤,1658
1344,死,1652
1345,迅,1652
1346,币,1646
1347,稻,1644
1348,陶,1644
1349,纵,1640
1350,晨,1615
1351,莫,1613
1352,跳,1604
1353,踏,1602
1354,敬,1601
1355,忘,1600
1356,拟,1599
1357,悟,1598
1358,弱,1597
1359,阻,1596
1360,辑,1596
1361,谐,1594
1362,拔,1586
1363,扫,1585
1364,梯,1578
1365,磨,1577
1366,添,1569
1367,厦,1569
1368,倒,1568
1369,曼,1567
1370,侧,1564
1371,胞,1563
1372,枝,1563
1373,黎,1561
1374,蔡,1558
1375,幼,1555
1376,寒,1554
1377,咖,1544
1378,净,1542
1379,暴,1541
1380,伸,1539
1381,扣,1532
1382,闭,1530
1383,渔,1528
1384,砖,1516
1385,旺,1511
1386,尝,1509
1387,恒,1505
1388,浸,1505
1389,宾,1503
1390,疑,1498
1391,肯,1497
1392,敌,1496
1393,氛,1492
1394,荡,1492
1395,叫,1483
1396,杜,1483
1397,巧,1480
1398,桑,1477
1399,鸣,1477
1400,句,1477
1401,岭,1472
1402,舒,1471
1403,盼,1467
1404,俊,1467
1405,崇,1466
1406,焕,1464
1407,伦,1464
1408,偏,1464
1409,耗,1464
1410,谱,1458
1411,坏,1452
1412,彼,1451
1413,辈,1451
1414,洗,1448
1415,卢,1448
1416,契,1446
1417,恢,1445
1418,饰,1444
1419,凭,1444
1420,刑,1443
1421,痛,1443
1422,耐,1442
1423,陵,1440
1424,摸,1440
1425,斤,1434
1426,涛,1427
1427,壤,1427
1428,衔,1427
1429,玛,1426
1430,啡,1425
1431,唯,1416
1432,晋,1416
1433,旁,1415
1434,私,1414
1435,奶,1412
1436,貌,1410
1437,殊,1410
1438,秦,1408
1439,佛,1408
1440,碍,1408
1441,毫,1407
1442,册,1405
1443,档,1400
1444,甲,1400
1445,琴,1399
1446,惊,1396
1447,贺,1392
1448,牙,1389
1449,仿,1389
1450,搞,1388
1451,哲,1387
1452,概,1385
1453,爆,1381
1454,漠,1380
1455,隔,1378
1456,旨,1378
1457,廊,1372
1458,辅,1372
1459,麻,1364
1460,凯,1363
1461,框,1362
1462,缘,1362
1463,仁,1359
1464,刷,1358
1465,菌,1358
1466,蔬,1356
1467,误,1355
1468,豆,1354
1469,倾,1353
1470,铸,1348
1471,瓜,1347
1472,桃,1346
1473,抱,1344
1474,燕,1344
1475,闹,1332
1476,朗,1331
1477,碑,1323
1478,摩,1320
1479,贝,1317
1480,誉,1313
1481,绣,1313
1482,戴,1313
1483,尖,1311
1484,凡,1310
1485,凌,1309
1486,恩,1309
1487,奏,1306
1488,匠,1305
1489,豪,1304
1490,埔,1304
1491,暑,1300
1492,男,1298
1493,魅,1295
1494,孔,1289
1495,硕,1280
1496,赖,1279
1497,聘,1270
1498,晰,1269
1499,荒,1269
1500,焊,1262
1501,耳,1255
1502,堆,1255
1503,桌,1254
1504,揭,1254
1505,奉,1252
1506,蓬,1249
1507,役,1248
1508,缅,1245
1509,搬,1242
1510,巷,1241
1511,脸,1240
1512,裂,1239
1513,秒,1238
1514,弃,1237
1515,裕,1235
1516,替,1234
1517,宪,1231
1518,懂,1231
1519,雕,1230
1520,剂,1227
1521,纯,1222
1522,旋,1222
1523,刀,1219
1524,券,1218
1525,骗,1216
1526,诈,1207
1527,粤,1206
1528,邦,1197
1529,谁,1195
1530,旦,1195
1531,酸,1193
1532,杯,1189
1533,斌,1186
1534,妈,1181
1535,吗,1180
1536,烧,1177
1537,肩,1175
1538,锅,1175
1539,柱,1175
1540,稿,1174
1541,伐,1172
1542,艳,1172
1543,桂,1168
1544,默,1164
1545,渝,1161
1546,症,1160
1547,浦,1159
1548,氏,1159
1549,薄,1157
1550,攀,1155
1551,描,1150
1552,卓,1148
1553,鸡,1147
1554,恶,1145
1555,遭,1140
1556,捕,1136
1557,液,1136
1558,扰,1135
1559,逻,1134
1560,迷,1134
1561,羊,1132
1562,刺,1131
1563,怕,1130
1564,亡,1129
1565,串,1129
1566,辟,1128
1567,姿,1128
1568,夯,1128
1569,糖,1126
1570,夺,1124
1571,鸿,1122
1572,蓄,1114
1573,曹,1112
1574,暨,1111
1575,滋,1109
1576,氢,1109
1577,艾,1106
1578,蛋,1102
1579,垃,1101
1580,霞,1099
1581,舍,1099
1582,圾,1099
1583,爷,1098
1584,陪,1097
1585,锻,1097
1586,尾,1093
1587,虎,1091
1588,迫,1091
1589,肖,1090
1590,敦,1090
1591,抽,1090
1592,氧,1090
1593,祉,1089
1594,摘,1089
1595,剑,1089
1596,宫,1089
1597,渡,1088
1598,柳,1087
1599,孟,1086
1600,冀,1084
1601,寄,1080
1602,锁,1078
1603,枢,1077
1604,喝,1068
1605,乏,1067
1606,峡,1063
1607,颗,1052
1608,赔,1052
1609,钻,1052
1610,颜,1051
1611,堵,1051
1612,摇,1048
1613,荷,1048
1614,熊,1046
1615,伯,1044
1616,浮,1044
1617,辛,1039
1618,惯,1036
1619,坝,1035
1620,瓷,1033
1621,炉,1030
1622,婚,1027
1623,愈,1026
1624,楚,1025
1625,弟,1021
1626,寿,1021
1627,君,1019
1628,牲,1018
1629,凉,1017
1630,绪,1015
1631,悠,1014
1632,割,1011
1633,辖,1007
1634,塘,1004
1635,栏,1004
1636,姜,1002
1637,莱,1002
1638,闪,999
1639,殷,998
1640,铭,996
1641,轴,994
1642,疏,994
1643,煌,993
1644,纹,992
1645,冯,991
1646,惩,991
1647,尺,990
1648,陷,990
1649,虫,989
1650,韵,987
1651,填,985
1652,袋,985
1653,挺,983
1654,阐,977
1655,紫,975
1656,暗,975
1657,匹,974
1658,彭,973
1659,谓,973
1660,汤,971
1661,赤,971
1662,愁,971
1663,芯,971
1664,辞,967
1665,混,966
1666,蛇,964
1667,碰,963
1668,忧,961
1669,摊,956
1670,甜,954
1671,叠,952
1672,滩,951
1673,堡,950
1674,催,946
1675,邓,945
1676,拜,943
1677,姆,943
1678,诸,942
1679,牺,942
1680,仰,939
1681,旱,938
1682,悬,936
1683,隧,935
1684,咨,935
1685,沃,934
1686,甸,934
1687,秉,931
1688,榜,930
1689,刊,929
1690,晶,928
1691,杆,927
1692,锡,926
1693,慨,924
1694,拆,924
1695,溯,924
1696,抚,922
1697,魂,921
1698,莲,921
1699,缴,921
1700,粒,920
1701,逆,919
1702,娜,914
1703,篮,914
1704,顿,913
1705,汗,911
1706,吕,911
1707,枪,909
1708,拨,903
1709,慰,900
1710,舱,897
1711,淀,896
1712,栋,895
1713,圣,894
1714,勘,892
1715,锐,888
1716,鞋,887
1717,魏,886
1718,耀,885
1719,纺,885
1720,柔,884
1721,您,882
1722,妙,882
1723,拖,881
1724,琳,878
1725,叙,877
1726,擎,877
1727,汪,875
1728,朴,874
1729,绵,874
1730,馈,874
1731,遥,873
1732,剪,873
1733,淮,871
1734,棚,871
1735,碎,871
1736,盲,869
1737,番,868
1738,乃,868
1739,掉,867
1740,淡,867
1741,玲,864
1742,滴,862
1743,睡,858
1744,猫,856
1745,茂,853
1746,胶,852
1747,株,852
1748,胸,850
1749,幻,850
1750,缝,850
1751,兹,849
1752,垒,849
1753,懈,848
1754,拳,845
1755,插,844
1756,泊,842
1757,涨,840
1758,侨,839
1759,滚,839
1760,弥,837
1761,瓶,836
1762,娃,835
1763,揽,829
1764,译,826
1765,翔,825
1766,聊,820
1767,吹,817
1768,腿,817
1769,迭,815
1770,喀,814
1771,磁,814
1772,夕,813
1773,墓,809
1774,傅,808
1775,绸,808
1776,娘,807
1777,饱,805
1778,穆,805
1779,厨,804
1780,搜,804
1781,冒,803
1782,萍,798
1783,佩,798
1784,徒,798
1785,俱,797
1786,柏,796
1787,碗,795
1788,霸,794
1789,仲,793
1790,璃,793
1791,擦,793
1792,蒋,790
1793,捍,788
1794,侦,788
1795,呢,782
1796,妥,781
1797,稀,775
1798,旭,773
1799,孤,773
1800,爬,771
1801,潘,766
1802,棵,766
1803,颖,765
1804,搏,764
1805,窑,763
1806,腰,762
1807,箭,762
1808,锚,759
1809,灭,755
1810,狮,755
1811,湘,754
1812,袁,753
1813,亦,753
1814,臂,752
1815,苹,751
1816,讼,750
1817,舶,749
1818,翼,748
1819,芬,745
1820,窟,744
1821,纤,744
1822,撞,744
1823,郁,742
1824,玻,742
1825,啥,742
1826,吊,742
1827,杀,742
1828,乳,741
1829,鑫,738
1830,昂,737
1831,悦,734
1832,嘱,733
1833,芒,732
1834,畔,731
1835,沪,731
1836,坑,730
1837,岳,729
1838,畏,729
1839,飘,727
1840,盈,726
1841,孕,726
1842,恰,726
1843,恐,726
1844,驿,726
1845,梭,725
1846,舰,721
1847,薛,718
1848,寺,717
1849,暂,716
1850,歧,716
1851,靖,716
1852,庞,714
1853,腊,712
1854,磊,712
1855,帆,700
1856,炭,700
1857,矩,698
1858,贾,698
1859,欠,694
1860,棉,694
1861,娟,692
1862,鹤,691
1863,姚,691
1864,怡,691
1865,叹,690
1866,朵,690
1867,咱,689
1868,凸,688
1869,吐,686
1870,辐,686
1871,厉,685
1872,漏,685
1873,妻,685
1874,胁,683
1875,虹,681
1876,庙,681
1877,详,680
1878,厘,678
1879,萌,677
1880,闯,676
1881,绽,676
1882,泳,675
1883,踪,675
1884,赫,673
1885,宅,671
1886,奠,671
1887,莉,669
1888,御,669
1889,辣,669
1890,峻,665
1891,姐,665
1892,盯,663
1893,诞,662
1894,颈,662
1895,埋,661
1896,拒,659
1897,泡,659
1898,辩,658
1899,吒,655
1900,晒,653
1901,吾,652
1902,邵,652
1903,桩,652
1904,菲,652
1905,棋,649
1906,畜,649
1907,讯,648
1908,坪,646
1909,驰,646
1910,荐,646
1911,胆,645
1912,嘎,645
1913,瑶,643
1914,灰,641
1915,赠,641
1916,兆,640
1917,挡,639
1918,丛,639
1919,宴,639
1920,仙,638
1921,睦,636
1922,盆,635
1923,忽,634
1924,汛,634
1925,斑,633
1926,犹,632
1927,蹈,632
1928,棒,630
1929,盒,630
1930,柜,629
1931,阴,629
1932,娱,628
1933,竟,628
1934,粗,628
1935,羽,626
1936,侗,625
1937,冻,623
1938,瞬,622
1939,碧,622
1940,抬,622
1941,烂,620
1942,唤,620
1943,侯,620
1944,冶,619
1945,溢,618
1946,栽,618
1947,赁,617
1948,耶,616
1949,炮,616
1950,偶,615
1951,贤,614
1952,芦,614
1953,炎,613
1954,寸,613
1955,溉,612
1956,葛,612
1957,瞻,610
1958,婷,610
1959,翠,609
1960,薪,609
1961,坤,609
1962,腔,608
1963,滥,607
1964,嵌,605
1965,弯,604
1966,寓,604
1967,辰,603
1968,吧,603
1969,葡,602
1970,帅,601
1971,膜,601
1972,雾,599
1973,崔,596
1974,澜,595
1975,昊,594
1976,彦,594
1977,孵,593
1978,嘴,591
1979,垂,590
1980,捐,589
1981,叉,588
1982,辨,586
1983,尘,585
1984,斜,584
1985,裹,582
1986,挝,582
1987,顽,581
1988,猛,581
1989,筛,579
1990,吁,577
1991,穷,577
1992,钦,576
1993,兜,572
1994,缆,572
1995,押,571
1996,页,570
1997,颇,569
1998,亭,569
1999,戈,569
2000,枚,568
2001,绎,567
2002,阁,567
2003,仔,567
2004,伪,566
2005,逢,564
2006,笼,564
2007,铝,563
2008,婴,562
2009,霍,560
2010,涂,560
2011,柴,557
2012,蒸,556
2013,纲,555
2014,毁,553
2015,帕,552
2016,颁,550
2017,乔,550
2018,炸,550
2019,椒,549
2020,秧,548
2021,喷,548
2022,睛,548
2023,汲,547
2024,宙,546
2025,锤,545
2026,诠,544
2027,敲,542
2028,浇,542
2029,丘,541
2030,屈,539
2031,沧,538
2032,韦,538
2033,瑰,537
2034,腹,537
2035,芽,536
2036,劣,536
2037,肌,534
2038,袭,533
2039,漆,533
2040,梳,533
2041,芝,532
2042,闽,532
2043,椅,528
2044,螺,528
2045,碌,527
2046,扇,527
2047,萄,526
2048,魔,525
2049,锂,525
2050,浅,522
2051,鄂,522
2052,楠,522
2053,巍,522
2054,祭,518
2055,澎,517
2056,烦,516
2057,轰,516
2058,灿,515
2059,琪,515
2060,绳,515
2061,痕,514
2062,嫌,513
2063,歇,512
2064,馨,512
2065,逛,511
2066,琼,511
2067,啊,510
2068,衷,509
2069,湃,508
2070,钉,508
2071,喊,506
2072,允,505
2073,趟,504
2074,漂,504
2075,莞,503
2076,浴,503
2077,珊,501
2078,赣,501
2079,卜,501
2080,炒,500
2081,爽,500
2082,熠,498
2083,崖,498
2084,戒,496
2085,荔,495
2086,娥,494
2087,昭,494
2088,梨,494
2089,赓,492
2090,堤,492
2091,勋,491
2092,砺,491
2093,迟,490
2094,撤,490
2095,脊,488
2096,皆,487
2097,榴,487
2098,扛,486
2099,豫,486
2100,柯,486
2101,蜜,484
2102,熙,482
2103,栖,481
2104,邹,481
2105,扑,481
2106,谭,478
2107,洒,477
2108,兄,477
2109,艘,476
2110,瞄,476
2111,孜,474
2112,茅,474
2113,逃,473
2114,卸,473
2115,慎,473
2116,遏,472
2117,苍,472
2118,鼻,470
2119,冈,469
2120,潭,468
2121,旬,467
2122,脆,466
2123,铃,464
2124,罕,463
2125,酷,462
2126,捉,461
2127,帜,459
2128,丈,459
2129,牡,457
2130,壳,457
2131,剩,457
2132,姑,456
2133,肿,456
2134,砥,455
2135,虾,455
2136,弄,454
2137,蜂,453
2138,黔,453
2139,桐,453
2140,兽,452
2141,掩,451
2142,弦,450
2143,悄,450
2144,妹,450
2145,撒,449
2146,呵,449
2147,蝶,448
2148,抹,448
2149,脂,446
2150,渗,445
2151,莹,445
2152,勾,443
2153,糊,442
2154,泵,441
2155,惜,440
2156,诱,440
2157,蜀,440
2158,眠,440
2159,慕,439
2160,垄,436
2161,鹰,435
2162,泪,435
2163,眉,434
2164,欲,434
2165,垦,434
2166,杉,432
2167,孝,431
2168,晤,430
2169,乙,430
2170,猎,430
2171,逾,428
2172,逝,428
2173,勉,426
2174,鸭,425
2175,鼎,424
2176,肝,424
2177,邢,424
2178,扭,423
2179,匈,423
2180,帽,422
2181,爸,421
2182,坎,419
2183,俭,419
2184,瘤,418
2185,皇,418
2186,嫦,417
2187,忍,417
2188,廖,416
2189,仗,416
2190,葬,416
2191,衰,415
2192,胎,414
2193,碱,414
2194,枫,413
2195,滞,413
2196,顷,412
2197,卉,412
2198,脏,410
2199,捞,407
2200,酿,406
2201,惑,405
2202,钩,404
2203,衍,404
2204,舆,404
2205,肺,404
2206,喻,403
2207,咸,402
2208,吞,402
2209,醉,402
2210,糕,398
2211,崭,397
2212,嫩,397
2213,菊,397
2214,帝,396
2215,闸,396
2216,艇,396
2217,荆,395
2218,轩,395
2219,饲,395
2220,猪,395
2221,槛,394
2222,鹅,393
2223,浆,393
2224,肤,393
2225,叮,390
2226,茫,389
2227,悲,385
2228,杏,385
2229,澄,385
2230,涝,384
2231,缮,383
2232,郎,383
2233,戚,380
2234,郝,380
2235,钥,380
2236,拱,380
2237,枣,380
2238,窝,379
2239,捧,379
2240,雁,377
2241,纱,377
2242,颠,376
2243,绒,376
2244,晴,375
2245,阜,375
2246,禀,373
2247,厄,373
2248,劝,372
2249,葱,372
2250,挤,372
2251,咬,371
2252,伞,371
2253,蚀,370
2254,踩,370
2255,聪,369
2256,丢,369
2257,瞩,366
2258,饼,366
2259,邱,365
2260,榆,364
2261,壶,364
2262,蔚,363
2263,渴,363
2264,哨,363
2265,酋,362
2266,竭,361
2267,叔,361
2268,胖,360
2269,彝,359
2270,淘,358
2271,烘,357
2272,沂,356
2273,慈,356
2274,崛,354
2275,湛,353
2276,尹,353
2277,撼,353
2278,兑,353
2279,厢,353
2280,誓,352
2281,夹,352
2282,蓉,351
2283,鹿,351
2284,橘,351
2285,敞,350
2286,硅,350
2287,禽,347
2288,婆,346
2289,歪,346
2290,樱,346
2291,彬,346
2292,宠,346
2293,赚,344
2294,披,344
2295,挚,343
2296,贩,343
2297,巾,341
2298,削,340
2299,汁,339
2300,烤,339
2301,轧,339
2302,妨,338
2303,挨,338
2304,筋,338
2305,帘,338
2306,垫,337
2307,募,337
2308,奕,336
2309,疼,336
2310,饶,336
2311,跌,335
2312,殿,335
2313,酬,335
2314,灶,334
2315,郊,334
2316,玫,333
2317,屡,332
2318,洱,331
2319,昔,330
2320,袖,330
2321,屯,330
2322,萧,330
2323,浑,329
2324,齿,328
2325,淋,328
2326,胃,328
2327,宵,328
2328,匙,327
2329,闫,327
2330,泄,327
2331,臣,325
2332,抑,324
2333,磅,323
2334,瀚,323
2335,疲,323
2336,铲,322
2337,筒,322
2338,薯,322
2339,谨,321
2340,驳,320
2341,窄,319
2342,炜,319
2343,沁,319
2344,渊,319
2345,弗,318
2346,烁,318
2347,睐,318
2348,陌,317
2349,狂,317
2350,妆,316
2351,寇,316
2352,祁,315
2353,欺,315
2354,磷,315
2355,洽,314
2356,奈,314
2357,蕾,314
2358,癌,314
2359,恪,314
2360,谣,313
2361,抛,312
2362,淌,312
2363,廷,311
2364,扮,311
2365,滇,311
2366,颂,311
2367,蒂,311
2368,偷,311
2369,贪,310
2370,堪,310
2371,擅,310
2372,拾,310
2373,挣,308
2374,俩,308
2375,亏,307
2376,挪,307
2377,逸,307
2378,芜,307
2379,姻,306
2380,渚,305
2381,禹,305
2382,墩,303
2383,蹲,303
2384,翅,303
2385,尿,303
2386,囊,302
2387,拣,302
2388,磋,302
2389,砂,301
2390,摔,301
2391,函,300
2392,膀,300
2393,盗,300
2394,枯,300
2395,袤,298
2396,烽,298
2397,晖,295
2398,涯,295
2399,琅,295
2400,绑,294
2401,擘,293
2402,幽,293
2403,翁,293
2404,雀,292
2405,饺,292
2406,乒,292
2407,遮,291
2408,汕,291
2409,杠,291
2410,卧,290
2411,撬,290
2412,锣,290
2413,丧,290
2414,煮,289
2415,渣,288
2416,葫,288
2417,绥,288
2418,倪,286
2419,茨,286
2420,凳,286
2421,舌,286
2422,隙,286
2423,媛,286
2424,蜿,286
2425,蜒,286
2426,罐,286
2427,纬,286
2428,掀,285
2429,篷,285
2430,逼,284
2431,沛,283
2432,笃,283
2433,惧,283
2434,莎,283
2435,琦,282
2436,迸,282
2437,皖,282
2438,靶,282
2439,礴,281
2440,淤,281
2441,睿,281
2442,蔓,280
2443,啦,280
2444,惕,280
2445,聆,279
2446,榕,279
2447,苑,279
2448,儒,279
2449,桶,279
2450,诵,279
2451,肠,278
2452,凰,278
2453,竖,277
2454,抖,277
2455,骤,276
2456,琢,276
2457,怒,276
2458,烹,276
2459,泼,276
2460,咋,275
2461,刹,275
2462,矢,274
2463,趁,274
2464,堰,273
2465,橙,273
2466,徙,273
2467,噪,272
2468,嫁,272
2469,脖,271
2470,橡,271
2471,狠,270
2472,氮,270
2473,俯,269
2474,襄,269
2475,攒,269
2476,笋,269
2477,藻,268
2478,歼,268
2479,恼,267
2480,翰,266
2481,匀,266
2482,籽,266
2483,潍,265
2484,宛,264
2485,藤,264
2486,牍,263
2487,璨,263
2488,溶,263
2489,鳌,263
2490,澈,263
2491,酱,262
2492,淑,261
2493,亟,261
2494,傍,261
2495,拦,260
2496,龚,259
2497,筝,259
2498,茬,259
2499,锈,257
2500,秆,257
2501,犁,257
2502,鬼,257
2503,莓,257
2504,蔽,256
2505,璀,255
2506,熔,255
2507,柑,255
2508,镌,254
2509,缔,254
2510,姨,254
2511,髓,254
2512,毯,254
2513,妍,254
2514,帐,253
2515,凑,252
2516,胀,252
2517,匆,252
2518,湄,251
2519,漳,250
2520,鞍,249
2521,斩,249
2522,绚,249
2523,姥,249
2524,瑜,249
2525,饿,248
2526,甫,247
2527,濒,247
2528,呐,247
2529,萝,247
2530,韶,247
2531,撰,246
2532,夸,246
2533,穴,245
2534,檐,244
2535,娓,244
2536,屠,243
2537,稍,243
2538,茄,243
2539,砍,242
2540,腻,242
2541,盏,242
2542,昼,241
2543,巢,241
2544,黏,241
2545,刃,241
2546,恋,241
2547,傲,240
2548,泸,239
2549,驼,239
2550,谦,239
2551,挽,239
2552,咏,239
2553,妮,239
2554,丸,238
2555,埠,238
2556,弈,238
2557,狗,238
2558,掏,237
2559,肢,237
2560,烫,237
2561,鲍,236
2562,肇,236
2563,曦,236
2564,仑,236
2565,朔,236
2566,邪,236
2567,瓣,235
2568,粹,235
2569,瘦,235
2570,剖,235
2571,奢,234
2572,淬,234
2573,钳,233
2574,醇,233
2575,酵,233
2576,彤,233
2577,炬,233
2578,陀,233
2579,禄,232
2580,燥,232
2581,钓,231
2582,贿,231
2583,衢,231
2584,槽,230
2585,蒲,230
2586,缀,229
2587,奎,227
2588,笛,227
2589,娴,227
2590,棘,227
2591,锵,226
2592,喂,226
2593,僚,226
2594,藕,226
2595,棍,226
2596,斋,225
2597,盎,225
2598,愉,225
2599,塌,225
2600,樊,224
2601,凿,224
2602,侠,224
2603,鼠,223
2604,焰,223
2605,柿,222
2606,洼,222
2607,仕,221
2608,虞,221
2609,膳,221
2610,屿,221
2611,拐,220
2612,圭,220
2613,罩,220
2614,聂,220
2615,雯,218
2616,剥,217
2617,佐,216
2618,炳,215
2619,矗,215
2620,钙,215
2621,樟,215
2622,蟹,215
2623,祈,215
2624,穗,215
2625,荫,215
2626,婉,214
2627,舵,213
2628,汝,213
2629,滕,213
2630,蚕,213
2631,赌,213
2632,峪,212
2633,睹,212
2634,乓,212
2635,铿,211
2636,魄,211
2637,铅,211
2638,冉,210
2639,抄,210
2640,椎,209
2641,霜,209
2642,陇,209
2643,罢,209
2644,奴,209
2645,皓,208
2646,臭,208
2647,狭,208
2648,慌,208
2649,惨,208
2650,氨,208
2651,躲,207
2652,畲,207
2653,骄,206
2654,邃,206
2655,怪,206
2656,桦,206
2657,肚,205
2658,渭,205
2659,呀,205
2660,蝴,205
2661,孪,204
2662,肆,204
2663,厕,204
2664,畴,204
2665,拂,204
2666,茁,203
2667,忻,203
2668,钧,203
2669,猴,203
2670,竣,202
2671,谅,202
2672,菇,202
2673,庐,202
2674,麟,201
2675,慑,200
2676,怖,200
2677,秸,199
2678,瞧,199
2679,熬,199
2680,鸥,198
2681,遴,198
2682,祠,198
2683,蚊,198
2684,薇,197
2685,仇,197
2686,膺,196
2687,豹,196
2688,耿,196
2689,迄,195
2690,哀,195
2691,苇,195
2692,躺,195
2693,诀,194
2694,铮,193
2695,膝,193
2696,硝,193
2697,尧,192
2698,晃,192
2699,葆,191
2700,觅,191
2701,砌,191
2702,刮,191
2703,耘,190
2704,娅,190
2705,邑,190
2706,捏,190
2707,楷,189
2708,汾,189
2709,寂,189
2710,哭,189
2711,狼,189
2712,哺,188
2713,禾,187
2714,挠,187
2715,礁,187
2716,瑙,187
2717,蔗,187
2718,掠,186
2719,嵘,186
2720,靡,186
2721,沾,186
2722,乾,186
2723,眺,185
2724,拧,185
2725,邯,185
2726,陡,184
2727,衬,184
2728,沓,183
2729,愧,183
2730,窦,183
2731,蜡,183
2732,麓,183
2733,矶,183
2734,啃,183
2735,峥,182
2736,渤,182
2737,饪,181
2738,馍,181
2739,浏,181
2740,灼,179
2741,躯,179
2742,弊,179
2743,阮,178
2744,琐,178
2745,芹,178
2746,帷,178
2747,羌,177
2748,烯,177
2749,詹,177
2750,婕,176
2751,霖,176
2752,伶,176
2753,惟,176
2754,纾,176
2755,锲,176
2756,婺,176
2757,朽,175
2758,瀑,175
2759,泗,175
2760,遣,175
2761,泌,175
2762,抒,175
2763,悔,175
2764,谜,175
2765,滔,175
2766,犬,175
2767,戍,174
2768,沸,174
2769,缕,174
2770,隋,174
2771,芮,174
2772,祺,173
2773,猜,173
2774,帖,173
2775,饥,172
2776,栾,172
2777,淳,172
2778,榄,172
2779,汰,172
2780,摒,172
2781,辗,170
2782,滤,170
2783,驭,169
2784,阀,169
2785,狱,169
2786,炫,169
2787,扁,169
2788,郸,169
2789,丙,168
2790,裸,168
2791,腕,168
2792,梗,168
2793,梧,168
2794,曝,167
2795,簇,167
2796,桨,167
2797,撕,167
2798,吟,167
2799,菏,167
2800,栗,166
2801,憾,166
2802,琉,166
2803,勿,165
2804,熏,165
2805,夷,165
2806,芙,165
2807,灸,165
2808,卿,164
2809,翟,164
2810,涓,163
2811,跋,163
2812,矮,163
2813,蕉,163
2814,粪,163
2815,鞭,163
2816,脾,163
2817,旸,163
2818,龟,162
2819,拢,162
2820,栩,162
2821,缸,162
2822,鹭,162
2823,釉,161
2824,硫,161
2825,肪,161
2826,冼,161
2827,翘,160
2828,玥,160
2829,拌,160
2830,栈,160
2831,廓,160
2832,耍,160
2833,褪,160
2834,遂,159
2835,瞰,159
2836,攘,158
2837,贻,158
2838,缠,158
2839,玄,158
2840,删,158
2841,褚,158
2842,昏,157
2843,蚁,156
2844,皱,156
2845,阱,156
2846,砚,156
2847,羚,156
2848,铀,156
2849,骆,155
2850,曙,155
2851,嵊,155
2852,恨,155
2853,怨,155
2854,巳,155
2855,颤,155
2856,弧,154
2857,岚,154
2858,茧,154
2859,溺,154
2860,捡,153
2861,盔,153
2862,茉,153
2863,墟,153
2864,晕,153
2865,挫,153
2866,婧,153
2867,珂,153
2868,浚,152
2869,穹,152
2870,拎,152
2871,骏,152
2872,巫,152
2873,裤,152
2874,傣,151
2875,钰,151
2876,斐,151
2877,甩,151
2878,橄,151
2879,蕊,150
2880,淄,150
2881,杞,150
2882,揣,149
2883,稼,149
2884,豁,149
2885,蹄,148
2886,拙,148
2887,耽,148
2888,槐,148
2889,暮,148
2890,暇,148
2891,勺,148
2892,骅,148
2893,粽,147
2894,筐,147
2895,柠,147
2896,瑟,147
2897,潼,146
2898,磐,145
2899,彪,145
2900,钛,145
2901,芭,145
2902,腺,145
2903,郡,145
2904,娄,144
2905,嬉,144
2906,赐,144
2907,弓,144
2908,赈,144
2909,镶,143
2910,扯,143
2911,沐,142
2912,萃,142
2913,俑,142
2914,媚,142
2915,缚,141
2916,窖,141
2917,祀,141
2918,牟,141
2919,膏,141
2920,簪,140
2921,捆,140
2922,辱,140
2923,阪,140
2924,椰,139
2925,坠,139
2926,檬,139
2927,竿,139
2928,坯,138
2929,耸,138
2930,躁,138
2931,喇,138
2932,骼,138
2933,鹂,137
2934,掷,137
2935,蜕,137
2936,玮,136
2937,嫂,136
2938,斓,135
2939,梢,135
2940,潺,135
2941,蝉,135
2942,俘,135
2943,悼,134
2944,陋,134
2945,裙,134
2946,圩,134
2947,矫,134
2948,沦,134
2949,谌,133
2950,旷,132
2951,漓,132
2952,枕,132
2953,蛟,132
2954,纂,132
2955,粼,132
2956,乍,131
2957,潇,131
2958,勐,131
2959,粥,131
2960,窃,131
2961,伽,130
2962,浔,130
2963,臻,129
2964,抉,129
2965,拇,129
2966,砸,129
2967,咽,129
2968,鄱,129
2969,瘫,129
2970,昱,129
2971,晔,128
2972,斥,128
2973,煎,128
2974,怠,127
2975,兔,127
2976,咚,127
2977,耦,127
2978,鳞,127
2979,踢,127
2980,辜,127
2981,劈,127
2982,蹚,126
2983,拘,126
2984,敷,126
2985,峭,126
2986,雏,125
2987,枸,125
2988,唢,125
2989,萎,125
2990,晟,125
2991,憩,125
2992,棠,125
2993,逊,124
2994,炊,124
2995,榨,124
2996,岷,124
2997,殡,124
2998,妄,124
2999,蚌,124
3000,襟,123
3001,舅,123
3002,澡,123
3003,敖,123
3004,瞒,123
3005,淇,123
3006,祸,123
3007,黛,123
3008,梓,123
3009,憨,122
3010,肾,122
3011,曳,122
3012,嗓,122
3013,俞,121
3014,拯,121
3015,妃,121
3016,篱,121
3017,轿,121
3018,峦,121
3019,劫,121
3020,叩,121
3021,珲,121
3022,佑,120
3023,輖,120
3024,雇,120
3025,昨,120
3026,汩,120
3027,翩,120
3028,隽,120
3029,摹,120
3030,昕,120
3031,靳,119
3032,闷,119
3033,隶,119
3034,峨,119
3035,祯,119
3036,墅,119
3037,摧,118
3038,贞,118
3039,岐,118
3040,揉,118
3041,啸,118
3042,溜,118
3043,汶,118
3044,贮,118
3045,涩,117
3046,焚,117
3047,酶,117
3048,酥,117
3049,埂,116
3050,躬,116
3051,俏,116
3052,姗,116
3053,歆,116
3054,匮,116
3055,诫,116
3056,跤,116
3057,浊,116
3058,甄,116
3059,岑,116
3060,凶,116
3061,秤,115
3062,汐,115
3063,沫,115
3064,钮,115
3065,寥,115
3066,瘾,115
3067,蜗,114
3068,宸,114
3069,淹,114
3070,锄,113
3071,粘,113
3072,蛮,113
3073,唠,112
3074,踊,112
3075,嗒,112
3076,泻,112
3077,裴,112
3078,匣,112
3079,璧,112
3080,陲,112
3081,糯,112
3082,庚,112
3083,娇,111
3084,芋,111
3085,璐,111
3086,蒜,111
3087,骛,111
3088,茎,111
3089,谆,110
3090,菱,110
3091,卵,110
3092,弋,110
3093,敛,110
3094,酣,110
3095,攥,110
3096,戎,110
3097,崎,110
3098,卤,110
3099,眶,109
3100,杖,109
3101,岔,109
3102,碾,109
3103,漾,108
3104,篡,108
3105,巅,108
3106,绷,108
3107,淼,108
3108,蹴,108
3109,喆,108
3110,莺,108
3111,庸,107
3112,霉,107
3113,惹,107
3114,炕,107
3115,炖,107
3116,糟,107
3117,牦,107
3118,茹,107
3119,霄,106
3120,洮,106
3121,憬,106
3122,涟,106
3123,凹,106
3124,嗡,106
3125,濮,105
3126,楫,105
3127,嘀,105
3128,褐,105
3129,僵,105
3130,茜,105
3131,哗,105
3132,衅,105
3133,覃,104
3134,亢,104
3135,窥,104
3136,凛,104
3137,醋,104
3138,渲,104
3139,瑾,103
3140,搅,103
3141,逅,103
3142,钠,103
3143,扔,103
3144,沥,103
3145,馅,103
3146,莆,103
3147,苜,103
3148,栀,103
3149,肴,102
3150,邂,102
3151,跻,102
3152,眷,102
3153,喧,102
3154,稚,102
3155,阂,101
3156,崩,101
3157,鞠,101
3158,袍,101
3159,吼,101
3160,粱,101
3161,柚,101
3162,偲,101
3163,痴,101
3164,蓿,101
3165,筷,101
3166,壑,100
3167,愤,100
3168,晾,100
3169,鹃,100
3170,剔,100
3171,铆,99
3172,忌,99
3173,荼,99
3174,熄,99
3175,琨,99
3176,袜,99
3177,粑,98
3178,栓,98
3179,壕,98
3180,殉,98
3181,紊,98
3182,毓,98
3183,衫,98
3184,佟,98
3185,煜,97
3186,幢,97
3187,毗,97
3188,矸,97
3189,俺,97
3190,坞,97
3191,谴,96
3192,炽,96
3193,憧,96
3194,麒,96
3195,簿,96
3196,哄,95
3197,豚,95
3198,亓,95
3199,倩,95
3200,惬,95
3201,蚂,95
3202,搓,95
3203,聋,95
3204,垛,95
3205,稽,95
3206,泓,94
3207,茗,94
3208,荧,94
3209,帛,94
3210,棱,94
3211,屹,94
3212,膨,94
3213,颐,94
3214,沱,93
3215,吆,93
3216,喉,93
3217,咳,93
3218,卯,93
3219,亳,93
3220,慷,93
3221,葵,92
3222,粟,92
3223,痼,92
3224,禅,92
3225,扒,92
3226,侃,92
3227,骋,92
3228,氤,92
3229,氲,92
3230,镍,92
3231,谎,92
3232,泾,92
3233,涅,92
3234,溅,91
3235,哼,91
3236,札,91
3237,墒,91
3238,魁,90
3239,沼,90
3240,趴,90
3241,磕,90
3242,踵,90
3243,璞,89
3244,帼,89
3245,栅,89
3246,匾,89
3247,翎,89
3248,轶,89
3249,皑,88
3250,钾,88
3251,恳,88
3252,笨,88
3253,垮,88
3254,寡,88
3255,絮,88
3256,吓,88
3257,掖,87
3258,莽,87
3259,棕,87
3260,佶,87
3261,芸,87
3262,苟,87
3263,潞,87
3264,袅,87
3265,摞,87
3266,泣,87
3267,鹳,87
3268,稞,87
3269,猕,87
3270,垣,86
3271,瑚,86
3272,烷,86
3273,篓,86
3274,歉,86
3275,蘸,86
3276,皋,86
3277,帧,86
3278,饽,86
3279,蹦,85
3280,柄,85
3281,弛,85
3282,哑,85
3283,煦,85
3284,倚,85
3285,汀,85
3286,啤,85
3287,郴,85
3288,恭,84
3289,辍,84
3290,犀,84
3291,苛,84
3292,褶,84
3293,藩,84
3294,匿,84
3295,惫,84
3296,媳,84
3297,侄,84
3298,焙,84
3299,刁,84
3300,荟,83
3301,晏,83
3302,疮,83
3303,蛳,83
3304,恺,83
3305,鹊,82
3306,缪,82
3307,岂,82
3308,蝇,82
3309,爪,82
3310,瞅,82
3311,叭,82
3312,苔,82
3313,咕,82
3314,嚼,82
3315,兮,82
3316,钗,81
3317,倦,81
3318,蓟,81
3319,疯,81
3320,耻,81
3321,瘠,81
3322,辄,81
3323,滁,81
3324,烙,81
3325,孚,81
3326,錾,81
3327,喘,80
3328,驯,80
3329,曰,80
3330,跪,80
3331,滦,80
3332,簸,80
3333,轫,79
3334,兢,79
3335,掰,79
3336,唇,79
3337,厝,79
3338,呆,79
3339,鲲,79
3340,宕,78
3341,缨,78
3342,袱,78
3343,嚣,78
3344,仆,78
3345,猿,78
3346,忱,77
3347,溃,77
3348,淞,77
3349,樵,77
3350,姬,77
3351,绞,77
3352,祛,77
3353,茸,77
3354,缤,77
3355,蒿,77
3356,薰,77
3357,瘴,76
3358,羲,76
3359,靓,76
3360,嘛,76
3361,嘹,76
3362,湟,76
3363,恍,76
3364,佤,76
3365,麋,76
3366,驴,75
3367,耙,75
3368,鸽,75
3369,婵,75
3370,骁,75
3371,楞,75
3372,榫,75
3373,屑,75
3374,铣,75
3375,锌,75
3376,涡,75
3377,绊,74
3378,钊,74
3379,湍,74
3380,苞,74
3381,沽,74
3382,漯,74
3383,睫,74
3384,嘟,74
3385,尸,74
3386,僧,74
3387,翱,74
3388,轼,74
3389,雹,74
3390,萱,74
3391,甬,74
3392,阎,74
3393,吻,73
3394,烛,73
3395,妖,73
3396,懒,73
3397,丫,73
3398,蛛,73
3399,涪,73
3400,昇,72
3401,炙,72
3402,哩,72
3403,漪,72
3404,脐,72
3405,渍,72
3406,琵,72
3407,跷,72
3408,谚,72
3409,糙,72
3410,阆,72
3411,裔,72
3412,疟,72
3413,焉,71
3414,蘑,71
3415,爵,71
3416,虐,71
3417,丑,71
3418,秃,71
3419,邸,71
3420,隅,71
3421,擂,71
3422,讴,71
3423,楂,71
3424,亨,70
3425,斧,70
3426,徜,70
3427,徉,70
3428,恤,70
3429,蹬,70
3430,颅,70
3431,栉,70
3432,菁,70
3433,锹,70
3434,酯,70
3435,峒,70
3436,骸,70
3437,韬,69
3438,拭,69
3439,矣,69
3440,玺,69
3441,蹭,69
3442,溧,69
3443,倘,69
3444,裘,69
3445,缉,68
3446,圃,68
3447,刨,68
3448,咔,68
3449,嗅,68
3450,汹,68
3451,氯,68
3452,涧,68
3453,鲤,68
3454,瑛,67
3455,疤,67
3456,逮,67
3457,肘,67
3458,涤,67
3459,泞,67
3460,璇,67
3461,侮,67
3462,锯,67
3463,寅,66
3464,骞,66
3465,咐,66
3466,狐,66
3467,瑕,66
3468,愚,66
3469,凇,66
3470,藉,66
3471,姣,66
3472,茵,66
3473,隘,65
3474,扉,65
3475,毋,65
3476,褒,65
3477,韭,65
3478,悖,65
3479,垠,65
3480,胺,65
3481,纶,65
3482,琶,65
3483,谬,65
3484,卒,64
3485,斡,64
3486,荤,64
3487,绢,64
3488,赃,64
3489,懿,64
3490,辙,64
3491,珏,64
3492,挟,64
3493,颊,64
3494,奸,64
3495,骥,63
3496,亘,63
3497,搁,63
3498,驮,63
3499,僻,63
3500,寞,63
3501,谧,63
3502,冕,63
3503,尉,63
3504,鲟,63
3505,鲸,63
3506,扳,63
3507,儋,63
3508,忾,63
3509,匪,62
3510,铢,62
3511,捣,62
3512,雍,62
3513,噬,62
3514,霆,62
3515,飙,62
3516,莒,62
3517,纫,62
3518,睁,62
3519,谍,62
3520,遛,62
3521,钵,62
3522,鹮,62
3523,缭,61
3524,皂,61
3525,秭,61
3526,拽,61
3527,惦,61
3528,岱,61
3529,哒,61
3530,霁,60
3531,揪,60
3532,袄,60
3533,蟠,60
3534,骂,60
3535,裳,60
3536,渺,60
3537,戳,60
3538,膊,60
3539,鹬,60
3540,熹,60
3541,擀,60
3542,酪,59
3543,馒,59
3544,诿,59
3545,岖,59
3546,吵,59
3547,宰,59
3548,逞,59
3549,棣,59
3550,淖,58
3551,镁,58
3552,囤,58
3553,讶,58
3554,侈,58
3555,硒,58
3556,羡,58
3557,侥,58
3558,骚,58
3559,枇,58
3560,杷,58
3561,胳,58
3562,蛙,58
3563,腌,58
3564,茏,58
3565,叛,58
3566,碟,57
3567,锥,57
3568,贬,57
3569,寰,57
3570,臧,57
3571,闵,57
3572,骇,56
3573,冗,56
3574,羞,56
3575,萦,56
3576,濛,56
3577,缫,56
3578,煽,56
3579,沅,55
3580,酝,55
3581,谛,55
3582,叨,55
3583,蹊,55
3584,蕨,55
3585,旖,55
3586,卑,55
3587,檀,55
3588,娩,55
3589,颉,54
3590,喽,54
3591,掺,54
3592,菠,54
3593,疵,54
3594,荀,54
3595,汴,54
3596,烨,54
3597,掐,54
3598,淙,54
3599,伫,53
3600,飒,53
3601,咯,53
3602,靴,53
3603,嗽,53
3604,窍,53
3605,峙,53
3606,嵩,53
3607,迢,53
3608,玖,53
3609,疙,53
3610,捶,53
3611,垴,53
3612,哉,52
3613,嘞,52
3614,瞪,52
3615,鸠,52
3616,嚓,52
3617,勠,52
3618,铎,52
3619,幌,52
3620,碘,52
3621,鸦,52
3622,簧,52
3623,篆,52
3624,钨,52
3625,氟,52
3626,瘩,52
3627,幔,52
3628,桄,52
3629,槌,51
3630,撂,51
3631,吱,51
3632,裱,51
3633,弩,51
3634,烊,51
3635,盱,51
3636,曜,51
3637,蓓,50
3638,芪,50
3639,佣,50
3640,撮,50
3641,厌,50
3642,攸,50
3643,痒,50
3644,烃,50
3645,毙,50
3646,眙,50
3647,罔,50
3648,舸,49
3649,楹,49
3650,黝,49
3651,凋,49
3652,箍,49
3653,笙,49
3654,箔,49
3655,熨,49
3656,楣,49
3657,澧,49
3658,憋,49
3659,靛,49
3660,嫣,48
3661,泱,48
3662,酌,48
3663,冽,48
3664,剿,48
3665,闺,48
3666,翌,48
3667,坍,48
3668,哽,48
3669,痰,48
3670,乞,48
3671,镀,48
3672,衙,48
3673,堑,47
3674,漱,47
3675,捻,47
3676,涣,47
3677,砾,47
3678,伺,47
3679,赟,47
3680,镂,47
3681,煲,47
3682,饵,47
3683,碉,47
3684,匡,46
3685,譬,46
3686,眯,46
3687,哟,46
3688,羔,46
3689,哇,46
3690,稠,46
3691,吏,46
3692,瞎,46
3693,佬,46
3694,捂,46
3695,袂,46
3696,坨,46
3697,洵,46
3698,噱,46
3699,钣,46
3700,钒,46
3701,晗,45
3702,痪,45
3703,疹,45
3704,豌,45
3705,瘀,45
3706,笺,45
3707,醛,45
3708,璋,45
3709,鬓,45
3710,囱,45
3711,掬,44
3712,璁,44
3713,珺,44
3714,佼,44
3715,咀,44
3716,罄,44
3717,馕,44
3718,眨,44
3719,遁,44
3720,徇,44
3721,铧,44
3722,舷,44
3723,哎,44
3724,徕,44
3725,濉,44
3726,斛,44
3727,桓,44
3728,沭,43
3729,冤,43
3730,侣,43
3731,弭,43
3732,阡,43
3733,芷,43
3734,逗,43
3735,尕,43
3736,佰,43
3737,霓,43
3738,橱,43
3739,颍,43
3740,抠,43
3741,撸,43
3742,蟳,43
3743,蚓,43
3744,燎,42
3745,暹,42
3746,绮,42
3747,跹,42
3748,歙,42
3749,骡,42
3750,熺,42
3751,屁,42
3752,篝,42
3753,丞,42
3754,芍,42
3755,梵,42
3756,舜,42
3757,浒,42
3758,迥,42
3759,膛,42
3760,鹛,42
3761,崆,42
3762,蜱,42
3763,觑,41
3764,绰,41
3765,臼,41
3766,啪,41
3767,酉,41
3768,俨,41
3769,腥,41
3770,呛,41
3771,濡,41
3772,彗,41
3773,翡,41
3774,呦,41
3775,愣,41
3776,姝,41
3777,蚯,41
3778,茭,41
3779,讹,41
3780,遐,40
3781,胥,40
3782,晷,40
3783,贼,40
3784,诲,40
3785,筏,40
3786,棺,40
3787,髻,40
3788,庇,40
3789,蔺,40
3790,戛,40
3791,涸,40
3792,哦,40
3793,鸢,40
3794,笆,40
3795,蝠,40
3796,陂,40
3797,椿,40
3798,悍,40
3799,漕,40
3800,阖,40
3801,邰,40
3802,驹,40
3803,铟,40
3804,赉,40
3805,苕,40
3806,堃,39
3807,忐,39
3808,忑,39
3809,眸,39
3810,姊,39
3811,诬,39
3812,嘿,39
3813,塬,39
3814,鳗,39
3815,钴,39
3816,胚,39
3817,捺,39
3818,赂,39
3819,霾,39
3820,仝,39
3821,嘢,39
3822,螃,38
3823,黍,38
3824,呕,38
3825,蕤,38
3826,谙,38
3827,绛,38
3828,糍,38
3829,坷,38
3830,蝙,38
3831,惚,38
3832,酮,38
3833,讽,38
3834,蔷,38
3835,仫,38
3836,涿,37
3837,挎,37
3838,邛,37
3839,焱,37
3840,瓢,37
3841,狄,37
3842,筼,37
3843,筜,37
3844,犍,37
3845,羹,37
3846,缎,37
3847,峁,37
3848,倔,37
3849,郓,37
3850,珀,37
3851,渎,37
3852,踝,37
3853,祚,37
3854,枉,36
3855,阈,36
3856,旎,36
3857,勰,36
3858,噶,36
3859,娶,36
3860,珑,36
3861,喳,36
3862,嗨,36
3863,蛰,36
3864,撇,36
3865,槃,36
3866,篾,36
3867,祟,36
3868,咪,36
3869,禧,36
3870,讳,36
3871,怜,35
3872,侬,35
3873,夙,35
3874,耋,35
3875,赡,35
3876,铛,35
3877,稔,35
3878,咒,35
3879,贱,35
3880,蜻,35
3881,锭,35
3882,桕,35
3883,坳,35
3884,啼,35
3885,毡,35
3886,尴,35
3887,尬,35
3888,竺,35
3889,粕,35
3890,犷,35
3891,禺,35
3892,咧,35
3893,鄞,35
3894,毂,35
3895,崟,35
3896,汨,35
3897,徂,35
3898,烜,35
3899,耄,34
3900,晦,34
3901,蜓,34
3902,狸,34
3903,砧,34
3904,擞,34
3905,喃,34
3906,俐,34
3907,拈,34
3908,枨,34
3909,磴,34
3910,筠,34
3911,卦,34
3912,琥,34
3913,肋,34
3914,蒯,34
3915,鄯,34
3916,箴,33
3917,镰,33
3918,傈,33
3919,僳,33
3920,邺,33
3921,窠,33
3922,龛,33
3923,菩,33
3924,坟,33
3925,忏,33
3926,哮,33
3927,霏,33
3928,迦,33
3929,壹,33
3930,嘘,33
3931,窨,33
3932,踔,33
3933,蹿,33
3934,爹,33
3935,咫,33
3936,朐,33
3937,镓,33
3938,槟,33
3939,珞,33
3940,莘,33
3941,钺,32
3942,褥,32
3943,郄,32
3944,窘,32
3945,椁,32
3946,趾,32
3947,屉,32
3948,瞭,32
3949,晁,32
3950,氪,32
3951,蜘,32
3952,暄,32
3953,狩,32
3954,徘,32
3955,徊,32
3956,虔,32
3957,枳,32
3958,桔,32
3959,忡,32
3960,陉,32
3961,銮,32
3962,仃,31
3963,掣,31
3964,辕,31
3965,砰,31
3966,臾,31
3967,崽,31
3968,涕,31
3969,馥,31
3970,诙,31
3971,筚,31
3972,怯,31
3973,氦,31
3974,粳,31
3975,叽,31
3976,漉,31
3977,娲,31
3978,碚,31
3979,瓯,31
3980,镐,31
3981,堦,31
3982,坻,30
3983,焜,30
3984,孃,30
3985,郧,30
3986,侍,30
3987,冥,30
3988,祎,30
3989,聩,30
3990,笠,30
3991,搀,30
3992,遒,30
3993,嘶,30
3994,啧,30
3995,鸳,30
3996,庹,30
3997,腆,30
3998,骐,30
3999,旌,30
4000,鄢,30
4001,痹,30
4002,荻,30
4003,榛,29
4004,邬,29
4005,阙,29
4006,廿,29
4007,偌,29
4008,萼,29
4009,嶂,29
4010,晌,29
4011,斟,29
4012,珉,29
4013,舫,29
4014,腑,29
4015,寝,29
4016,箕,29
4017,荚,29
4018,荠,29
4019,荞,29
4020,珐,29
4021,捎,29
4022,炯,29
4023,淆,29
4024,腼,29
4025,啾,29
4026,崑,29
4027,鳜,29
4028,谔,29
4029,悌,29
4030,雳,29
4031,珮,28
4032,亥,28
4033,悸,28
4034,囿,28
4035,匝,28
4036,妞,28
4037,铠,28
4038,蕃,28
4039,鸯,28
4040,祜,28
4041,焖,28
4042,踞,28
4043,臀,28
4044,傻,28
4045,燧,28
4046,瀛,28
4047,霹,28
4048,唁,28
4049,漩,28
4050,肽,28
4051,寮,28
4052,旻,28
4053,虏,28
4054,垅,28
4055,荪,27
4056,羁,27
4057,倏,27
4058,遨,27
4059,垢,27
4060,蛀,27
4061,褂,27
4062,迤,27
4063,窜,27
4064,胧,27
4065,拄,27
4066,踮,27
4067,噌,27
4068,滹,26
4069,怦,26
4070,脍,26
4071,嬗,26
4072,迂,26
4073,脯,26
4074,芊,26
4075,铄,26
4076,榔,26
4077,豇,26
4078,朦,26
4079,荏,26
4080,滘,26
4081,疴,26
4082,椽,26
4083,蹒,26
4084,跚,26
4085,瑨,26
4086,嘲,26
4087,棂,26
4088,扦,26
4089,骢,26
4090,柒,25
4091,仄,25
4092,荥,25
4093,稷,25
4094,咙,25
4095,掸,25
4096,呗,25
4097,蜷,25
4098,榭,25
4099,蛎,25
4100,苒,25
4101,芥,25
4102,盂,25
4103,钎,25
4104,髦,25
4105,啄,25
4106,苷,25
4107,瞿,25
4108,雌,25
4109,舀,25
4110,烩,25
4111,溇,25
4112,噩,25
4113,崃,25
4114,轲,25
4115,榻,25
4116,蜇,25
4117,塱,25
4118,娣,24
4119,雉,24
4120,虬,24
4121,懵,24
4122,桁,24
4123,蓥,24
4124,钝,24
4125,唰,24
4126,拴,24
4127,枷,24
4128,叱,24
4129,苯,24
4130,滏,24
4131,铌,24
4132,腮,24
4133,嗞,24
4134,薅,24
4135,蕙,24
4136,箩,24
4137,榈,24
4138,岙,24
4139,挲,24
4140,滟,24
4141,藓,24
4142,佘,24
4143,缙,24
4144,镯,24
4145,灏,24
4146,妩,24
4147,泮,24
4148,窒,23
4149,卞,23
4150,髹,23
4151,阚,23
4152,罹,23
4153,莠,23
4154,胰,23
4155,疃,23
4156,琰,23
4157,琛,23
4158,歹,23
4159,俪,23
4160,呷,23
4161,耜,23
4162,鎏,23
4163,偃,23
4164,惰,23
4165,缰,23
4166,箫,23
4167,潢,23
4168,犊,23
4169,煨,23
4170,珈,23
4171,锰,23
4172,昝,23
4173,厥,23
4174,畸,23
4175,鏖,23
4176,濠,22
4177,悯,22
4178,姹,22
4179,撷,22
4180,摁,22
4181,哔,22
4182,焐,22
4183,唾,22
4184,呜,22
4185,嚷,22
4186,噼,22
4187,逶,22
4188,馋,22
4189,殆,22
4190,钿,22
4191,馏,22
4192,攫,22
4193,浉,22
4194,疚,22
4195,匍,22
4196,匐,22
4197,垸,22
4198,啟,22
4199,髋,22
4200,潋,22
4201,彧,22
4202,猖,22
4203,琮,22
4204,蹼,22
4205,扼,22
4206,砬,22
4207,瑷,22
4208,淅,21
4209,耆,21
4210,伎,21
4211,逍,21
4212,桢,21
4213,恬,21
4214,婿,21
4215,嚏,21
4216,菡,21
4217,讷,21
4218,恣,21
4219,缜,21
4220,皎,21
4221,汊,21
4222,梆,21
4223,萤,21
4224,腱,21
4225,矍,21
4226,翊,21
4227,糠,21
4228,崧,21
4229,陨,21
4230,媲,21
4231,枋,21
4232,踱,21
4233,柞,21
4234,簌,21
4235,馁,21
4236,剐,21
4237,莼,21
4238,敝,21
4239,恙,21
4240,诋,21
4241,倬,21
4242,叁,21
4243,苎,21
4244,剃,20
4245,瓮,20
4246,浠,20
4247,瘟,20
4248,拷,20
4249,冢,20
4250,崂,20
4251,睢,20
4252,涞,20
4253,昀,20
4254,薏,20
4255,钞,20
4256,畈,20
4257,鲨,20
4258,宦,20
4259,孢,20
4260,甥,20
4261,桎,20
4262,梏,20
4263,侏,20
4264,庵,20
4265,殴,20
4266,隼,19
4267,抡,19
4268,釜,19
4269,捋,19
4270,矜,19
4271,剁,19
4272,瞳,19
4273,娑,19
4274,皿,19
4275,焯,19
4276,黯,19
4277,碣,19
4278,锃,19
4279,仞,19
4280,诡,19
4281,凄,19
4282,浜,19
4283,渥,19
4284,苁,19
4285,灞,19
4286,锴,19
4287,妤,19
4288,诟,19
4289,堕,19
4290,枭,19
4291,洄,19
4292,雒,19
4293,谤,19
4294,嵬,19
4295,轭,19
4296,旃,19
4297,嘈,18
4298,霭,18
4299,佚,18
4300,咆,18
4301,跬,18
4302,蚝,18
4303,眩,18
4304,啰,18
4305,籁,18
4306,涮,18
4307,诃,18
4308,蜈,18
4309,寐,18
4310,枞,18
4311,诣,18
4312,赊,18
4313,婶,18
4314,楔,18
4315,柘,18
4316,嗑,18
4317,拗,18
4318,鳄,18
4319,蓑,18
4320,湮,18
4321,绅,18
4322,椭,18
4323,砻,18
4324,嗦,18
4325,苓,18
4326,鲈,18
4327,鹇,18
4328,芩,18
4329,诽,18
4330,胤,18
4331,庾,18
4332,菖,17
4333,闰,17
4334,旮,17
4335,膘,17
4336,鹦,17
4337,葳,17
4338,蚣,17
4339,葚,17
4340,赭,17
4341,聿,17
4342,琏,17
4343,偕,17
4344,獐,17
4345,畦,17
4346,邗,17
4347,裨,17
4348,疡,17
4349,昙,17
4350,蛤,17
4351,怅,17
4352,亵,17
4353,恃,17
4354,蔑,17
4355,嬴,17
4356,硼,17
4357,砼,17
4358,廒,17
4359,囍,17
4360,檩,17
4361,璟,17
4362,疽,17
4363,毳,17
4364,饕,16
4365,呱,16
4366,幡,16
4367,篁,16
4368,咎,16
4369,兀,16
4370,羯,16
4371,碴,16
4372,撩,16
4373,鹉,16
4374,痊,16
4375,刍,16
4376,酚,16
4377,惮,16
4378,麸,16
4379,糜,16
4380,綦,16
4381,瘙,16
4382,镢,16
4383,懊,16
4384,滂,16
4385,谯,16
4386,芡,16
4387,桅,16
4388,狙,16
4389,哆,16
4390,瞥,16
4391,粝,16
4392,篙,16
4393,铖,16
4394,迩,16
4395,郜,16
4396,蔫,16
4397,垡,16
4398,镗,16
4399,茌,16
4400,渑,16
4401,荍,16
4402,霂,16
4403,砒,16
4404,钜,16
4405,醴,15
4406,飨,15
4407,昵,15
4408,奂,15
4409,簋,15
4410,糌,15
4411,铷,15
4412,帚,15
4413,沮,15
4414,吝,15
4415,妊,15
4416,乖,15
4417,愫,15
4418,昧,15
4419,黢,15
4420,谕,15
4421,咿,15
4422,谒,15
4423,彷,15
4424,徨,15
4425,颓,15
4426,咂,15
4427,蟾,15
4428,辫,15
4429,铂,15
4430,跆,15
4431,氘,15
4432,鼾,15
4433,獭,15
4434,胱,15
4435,羟,15
4436,鬃,15
4437,砣,15
4438,鞘,15
4439,倭,15
4440,囚,15
4441,鵟,15
4442,痍,15
4443,恕,15
4444,溟,14
4445,煅,14
4446,荃,14
4447,诧,14
4448,鄙,14
4449,庶,14
4450,埭,14
4451,饴,14
4452,窿,14
4453,嶙,14
4454,峋,14
4455,踌,14
4456,躇,14
4457,娠,14
4458,滆,14
4459,酰,14
4460,蠕,14
4461,烬,14
4462,橹,14
4463,赎,14
4464,辘,14
4465,搪,14
4466,仨,14
4467,噗,14
4468,瓤,14
4469,鸫,14
4470,孰,14
4471,崴,14
4472,偎,14
4473,珩,14
4474,噔,14
4475,鲑,14
4476,浯,14
4477,捅,14
4478,蛊,14
4479,囡,14
4480,煞,14
4481,岫,14
4482,鹑,14
4483,圻,14
4484,嘻,14
4485,疱,14
4486,醪,14
4487,娉,14
4488,蔼,13
4489,阗,13
4490,缛,13
4491,饯,13
4492,佝,13
4493,偻,13
4494,掇,13
4495,倌,13
4496,嗜,13
4497,岿,13
4498,瓴,13
4499,垭,13
4500,邝,13
4501,怆,13
4502,苋,13
4503,镖,13
4504,谩,13
4505,抿,13
4506,锗,13
4507,辊,13
4508,掂,13
4509,醚,13
4510,陛,13
4511,茯,13
4512,氚,13
4513,奚,13
4514,徵,13
4515,镊,13
4516,洇,13
4517,鲐,13
4518,沤,13
4519,胭,13
4520,螳,13
4521,觞,13
4522,臆,13
4523,谏,13
4524,幄,13
4525,垩,13
4526,塾,13
4527,吮,13
4528,赘,13
4529,埼,13
4530,孳,13
4531,餮,12
4532,璜,12
4533,岌,12
4534,夔,12
4535,飓,12
4536,杈,12
4537,毽,12
4538,筱,12
4539,阑,12
4540,嗖,12
4541,霎,12
4542,钹,12
4543,脓,12
4544,狍,12
4545,惘,12
4546,钼,12
4547,濯,12
4548,挞,12
4549,嫉,12
4550,殃,12
4551,萋,12
4552,祷,12
4553,峇,12
4554,厮,12
4555,婪,12
4556,薹,12
4557,跺,12
4558,猩,12
4559,陟,12
4560,铵,12
4561,潦,12
4562,潸,12
4563,惋,12
4564,腋,12
4565,猝,12
4566,矾,12
4567,惶,12
4568,锢,12
4569,螟,12
4570,痉,12
4571,挛,12
4572,鹌,12
4573,绶,12
4574,锨,12
4575,沚,12
4576,溆,12
4577,麴,12
4578,枥,11
4579,磬,11
4580,燚,11
4581,唆,11
4582,糅,11
4583,哐,11
4584,嗍,11
4585,蜚,11
4586,蓦,11
4587,镲,11
4588,崮,11
4589,隍,11
4590,淠,11
4591,葺,11
4592,苣,11
4593,锉,11
4594,鲢,11
4595,骊,11
4596,剡,11
4597,螨,11
4598,舢,11
4599,獗,11
4600,剽,11
4601,螂,11
4602,煊,11
4603,艏,11
4604,蝌,11
4605,蚪,11
4606,逵,11
4607,踉,11
4608,跄,11
4609,剜,11
4610,襦,11
4611,嵇,11
4612,鲇,11
4613,嗬,11
4614,拮,11
4615,闾,11
4616,蝎,11
4617,浣,11
4618,啷,11
4619,懋,11
4620,樑,11
4621,贰,11
4622,矽,11
4623,殇,11
4624,幛,11
4625,嗣,10
4626,桷,10
4627,饬,10
4628,茴,10
4629,蓊,10
4630,蟒,10
4631,罍,10
4632,菽,10
4633,澍,10
4634,舔,10
4635,吭,10
4636,柽,10
4637,孑,10
4638,癖,10
4639,砟,10
4640,馗,10
4641,腴,10
4642,詠,10
4643,箑,10
4644,惭,10
4645,畿,10
4646,忒,10
4647,叼,10
4648,孺,10
4649,咛,10
4650,碓,10
4651,谟,10
4652,秽,10
4653,瘪,10
4654,痧,10
4655,戗,10
4656,粿,10
4657,鳝,10
4658,痣,10
4659,鳍,10
4660,栎,10
4661,啁,10
4662,埇,10
4663,猬,10
4664,奘,10
4665,泠,10
4666,绫,10
4667,庖,10
4668,邕,10
4669,螭,10
4670,婀,10
4671,惺,10
4672,妒,10
4673,鳀,10
4674,葩,10
4675,燊,10
4676,箐,10
4677,濂,10
4678,癫,10
4679,噙,10
4680,弼,10
4681,卅,10
4682,搂,10
4683,濑,10
4684,匕,10
4685,钇,10
4686,赳,10
4687,罘,10
4688,虓,10
4689,蕲,10
4690,吋,10
4691,瘁,9
4692,诤,9
4693,嫫,9
4694,甪,9
4695,穑,9
4696,噎,9
4697,旯,9
4698,鹄,9
4699,鲳,9
4700,蚱,9
4701,沣,9
4702,汆,9
4703,哧,9
4704,毖,9
4705,怵,9
4706,佺,9
4707,耧,9
4708,窸,9
4709,窣,9
4710,颦,9
4711,嗷,9
4712,铱,9
4713,峄,9
4714,啮,9
4715,诏,9
4716,樽,9
4717,诩,9
4718,瞌,9
4719,谲,9
4720,爨,9
4721,舂,9
4722,淫,9
4723,橇,9
4724,趸,9
4725,喱,9
4726,芨,9
4727,揖,9
4728,佗,9
4729,楸,9
4730,吠,9
4731,祇,9
4732,浐,9
4733,骧,9
4734,抃,9
4735,鸾,9
4736,碲,9
4737,籼,9
4738,鹪,9
4739,昶,9
4740,蚤,9
4741,劼,9
4742,囫,9
4743,囵,9
4744,競,9
4745,枧,9
4746,郫,9
4747,缂,9
4748,貂,9
4749,丐,9
4750,戌,9
4751,浃,9
4752,沏,9
4753,馄,9
4754,饨,9
4755,皴,9
4756,箬,9
4757,焘,9
4758,抨,9
4759,珙,9
4760,芾,9
4761,杵,9
4762,痢,9
4763,咣,9
4764,馐,9
4765,镉,9
4766,戮,9
4767,靰,9
4768,鞡,9
4769,垧,9
4770,蝗,9
4771,鸱,9
4772,昉,8
4773,黟,8
4774,缇,8
4775,廪,8
4776,犄,8
4777,癸,8
4778,町,8
4779,镑,8
4780,鳖,8
4781,鸮,8
4782,芎,8
4783,驸,8
4784,鹞,8
4785,狡,8
4786,呻,8
4787,咤,8
4788,鸹,8
4789,舾,8
4790,艄,8
4791,叻,8
4792,俎,8
4793,靥,8
4794,绯,8
4795,圜,8
4796,缶,8
4797,鲫,8
4798,襁,8
4799,褓,8
4800,翀,8
4801,蹙,8
4802,砷,8
4803,鹩,8
4804,猗,8
4805,怼,8
4806,绺,8
4807,碛,8
4808,噜,8
4809,渌,8
4810,誊,8
4811,喹,8
4812,俸,8
4813,硐,8
4814,揠,8
4815,髫,8
4816,郾,8
4817,夭,8
4818,玑,8
4819,咄,8
4820,恫,8
4821,秣,8
4822,铰,8
4823,痫,8
4824,啜,8
4825,嬛,8
4826,踽,8
4827,奄,8
4828,鼐,8
4829,啬,8
4830,篼,8
4831,茛,8
4832,岘,8
4833,椴,8
4834,蝈,8
4835,蠢,8
4836,砝,8
4837,锱,8
4838,壬,8
4839,蛹,8
4840,椹,8
4841,鑑,8
4842,垱,8
4843,敕,8
4844,癣,8
4845,蹂,8
4846,躏,8
4847,鸬,7
4848,俚,7
4849,燮,7
4850,垚,7
4851,鞣,7
4852,薮,7
4853,锶,7
4854,锏,7
4855,觚,7
4856,柃,7
4857,塍,7
4858,伢,7
4859,坂,7
4860,鞅,7
4861,隰,7
4862,缃,7
4863,懦,7
4864,忖,7
4865,唉,7
4866,镭,7
4867,呃,7
4868,肱,7
4869,琬,7
4870,鱿,7
4871,擒,7
4872,嗤,7
4873,蜥,7
4874,喟,7
4875,甑,7
4876,栝,7
4877,蔻,7
4878,祐,7
4879,闳,7
4880,盬,7
4881,嘭,7
4882,涎,7
4883,泯,7
4884,杼,7
4885,丨,7
4886,睇,7
4887,戟,7
4888,煳,7
4889,炀,7
4890,戕,7
4891,髯,7
4892,铡,7
4893,酗,7
4894,鋕,7
4895,杓,7
4896,鸻,7
4897,沌,7
4898,戊,7
4899,鹜,7
4900,頫,7
4901,趵,7
4902,惆,7
4903,蘖,7
4904,唏,7
4905,辇,7
4906,铤,7
4907,喙,7
4908,叟,7
4909,硚,7
4910,溥,7
4911,裾,7
4912,鲞,7
4913,赅,7
4914,虱,7
4915,淝,7
4916,蹁,7
4917,醺,7
4918,讥,7
4919,嗲,7
4920,抔,7
4921,卣,7
4922,樯,7
4923,胯,7
4924,莪,7
4925,猷,7
4926,霈,7
4927,幺,7
4928,砀,7
4929,藿,7
4930,郯,7
4931,辎,7
4932,钕,7
4933,穣,7
4934,铯,6
4935,袒,6
4936,纰,6
4937,楝,6
4938,诰,6
4939,洹,6
4940,甭,6
4941,犒,6
4942,颀,6
4943,愕,6
4944,螯,6
4945,淦,6
4946,蟋,6
4947,蟀,6
4948,佯,6
4949,唑,6
4950,胛,6
4951,啕,6
4952,煸,6
4953,秕,6
4954,暌,6
4955,囹,6
4956,圄,6
4957,鳅,6
4958,熘,6
4959,蜍,6
4960,倮,6
4961,崀,6
4962,豉,6
4963,嚯,6
4964,箅,6
4965,抻,6
4966,邳,6
4967,茆,6
4968,箸,6
4969,磺,6
4970,禳,6
4971,曈,6
4972,痘,6
4973,棹,6
4974,钲,6
4975,溏,6
4976,碇,6
4977,噻,6
4978,饸,6
4979,饹,6
4980,兖,6
4981,笈,6
4982,藜,6
4983,呋,6
4984,痂,6
4985,穰,6
4986,鸵,6
4987,噢,6
4988,悻,6
4989,鬟,6
4990,喏,6
4991,羿,6
4992,嘌,6
4993,呤,6
4994,綮,6
4995,蛏,6
4996,诂,6
4997,犇,6
4998,骝,6
4999,皙,6
5000,翕,6
5001,殚,6
5002,於,6
5003,瀼,6
5004,璎,6
5005,盹,6
5006,荨,6
5007,禊,6
5008,宓,6
5009,喵,6
5010,谑,6
5011,滢,6
5012,厩,6
5013,掳,6
5014,憎,6
5015,堇,6
5016,氹,6
5017,亶,6
5018,狈,6
5019,琍,6
5020,燠,6
5021,舐,6
5022,璘,6
5023,栢,6
5024,溽,6
5025,殓,6
5026,寀,6
5027,胗,6
5028,蒗,6
5029,疍,6
5030,痱,6
5031,曣,6
5032,邨,6
5033,膦,6
5034,氆,6
5035,氇,6
5036,锟,5
5037,迺,5
5038,瞠,5
5039,烔,5
5040,诘,5
5041,豺,5
5042,槿,5
5043,雎,5
5044,娆,5
5045,龈,5
5046,罅,5
5047,嗔,5
5048,猾,5
5049,锆,5
5050,蠹,5
5051,昳,5
5052,獠,5
5053,垟,5
5054,旒,5
5055,牯,5
5056,逄,5
5057,嚎,5
5058,盥,5
5059,焗,5
5060,铳,5
5061,蛾,5
5062,鹟,5
5063,搡,5
5064,鳇,5
5065,飚,5
5066,嬷,5
5067,唧,5
5068,纣,5
5069,颛,5
5070,腩,5
5071,鄠,5
5072,馓,5
5073,芃,5
5074,挈,5
5075,樾,5
5076,菟,5
5077,咩,5
5078,湴,5
5079,搐,5
5080,罡,5
5081,郅,5
5082,橼,5
5083,硖,5
5084,謇,5
5085,葭,5
5086,孱,5
5087,钯,5
5088,眭,5
5089,竽,5
5090,揶,5
5091,揄,5
5092,戾,5
5093,檄,5
5094,倜,5
5095,坭,5
5096,迳,5
5097,遑,5
5098,怿,5
5099,汞,5
5100,镛,5
5101,绉,5
5102,腈,5
5103,莜,5
5104,硌,5
5105,熵,5
5106,樸,5
5107,唬,5
5108,睬,5
5109,瑀,5
5110,颌,5
5111,蟆,5
5112,锕,5
5113,醅,5
5114,頔,5
5115,玷,5
5116,圪,5
5117,孀,5
5118,杳,5
5119,啖,5
5120,虢,5
5121,摈,5
5122,谀,5
5123,纭,5
5124,斫,5
5125,钏,5
5126,硇,5
5127,瘢,5
5128,觥,5
5129,铨,5
5130,蹋,5
5131,臊,5
5132,耷,5
5133,鳟,5
5134,溴,5
5135,馃,5
5136,劁,5
5137,觊,5
5138,觎,5
5139,鸨,5
5140,鸲,5
5141,鹀,5
5142,琊,5
5143,蔸,5
5144,迕,5
5145,柩,5
5146,鹘,5
5147,邡,5
5148,螽,5
5149,翚,4
5150,绡,4
5151,邈,4
5152,狒,4
5153,鸰,4
5154,嗯,4
5155,畹,4
5156,伉,4
5157,缱,4
5158,绻,4
5159,颔,4
5160,扈,4
5161,鱲,4
5162,耒,4
5163,雩,4
5164,玎,4
5165,丕,4
5166,慵,4
5167,镩,4
5168,筵,4
5169,锑,4
5170,栌,4
5171,稹,4
5172,恸,4
5173,甽,4
5174,盉,4
5175,辚,4
5176,鲷,4
5177,魆,4
5178,壅,4
5179,钤,4
5180,镞,4
5181,咴,4
5182,麂,4
5183,狞,4
5184,庑,4
5185,撅,4
5186,傩,4
5187,戬,4
5188,莴,4
5189,鲡,4
5190,舛,4
5191,埙,4
5192,埝,4
5193,镫,4
5194,桉,4
5195,坩,4
5196,馔,4
5197,瓞,4
5198,侑,4
5199,氡,4
5200,鲅,4
5201,暧,4
5202,鲛,4
5203,韡,4
5204,玳,4
5205,椤,4
5206,镠,4
5207,罂,4
5208,荸,4
5209,涠,4
5210,搔,4
5211,瘸,4
5212,赜,4
5213,龇,4
5214,屎,4
5215,焓,4
5216,醍,4
5217,醐,4
5218,陬,4
5219,龋,4
5220,讪,4
5221,疣,4
5222,鲥,4
5223,沆,4
5224,瀣,4
5225,颧,4
5226,瑗,4
5227,槭,4
5228,鬲,4
5229,钫,4
5230,璹,4
5231,垌,4
5232,茼,4
5233,湉,4
5234,逨,4
5235,峤,4
5236,莨,4
5237,绗,4
5238,蟥,4
5239,钐,4
5240,毬,4
5241,啭,4
5242,腓,4
5243,跽,4
5244,谪,4
5245,凫,4
5246,锺,4
5247,鋆,4
5248,鼋,4
5249,晞,4
5250,伲,4
5251,犟,4
5252,郦,4
5253,痈,4
5254,褡,4
5255,裢,4
5256,屣,4
5257,锷,4
5258,蹇,4
5259,刳,4
5260,蚵,4
5261,浈,4
5262,哞,4
5263,堌,4
5264,锛,4
5265,菅,4
5266,茕,4
5267,茱,4
5268,萸,4
5269,夼,4
5270,瞑,4
5271,筌,4
5272,暾,4
5273,襌,4
5274,踟,4
5275,蹰,4
5276,缬,4
5277,羸,4
5278,涑,4
5279,麽,4
5280,乜,4
5281,曌,4
5282,嫘,4
5283,蚜,4
5284,揆,4
5285,翳,4
5286,捭,4
5287,仂,4
5288,坌,4
5289,刽,4
5290,棼,4
5291,堎,3
5292,坵,3
5293,癯,3
5294,弶,3
5295,臃,3
5296,缥,3
5297,缈,3
5298,嫡,3
5299,蜢,3
5300,轺,3
5301,驷,3
5302,揩,3
5303,聱,3
5304,蒌,3
5305,逦,3
5306,鹡,3
5307,嘣,3
5308,聖,3
5309,玢,3
5310,聒,3
5311,妯,3
5312,娌,3
5313,菰,3
5314,吡,3
5315,啉,3
5316,笤,3
5317,佃,3
5318,劏,3
5319,箜,3
5320,篌,3
5321,剌,3
5322,涔,3
5323,跛,3
5324,拃,3
5325,轳,3
5326,诛,3
5327,嵛,3
5328,巉,3
5329,炝,3
5330,叇,3
5331,澂,3
5332,縠,3
5333,俣,3
5334,蹶,3
5335,宥,3
5336,槎,3
5337,虺,3
5338,蜴,3
5339,沄,3
5340,淯,3
5341,骎,3
5342,氙,3
5343,铋,3
5344,臬,3
5345,讫,3
5346,帔,3
5347,饔,3
5348,飧,3
5349,闩,3
5350,腠,3
5351,磻,3
5352,鲎,3
5353,龢,3
5354,跫,3
5355,泷,3
5356,燹,3
5357,牖,3
5358,蜊,3
5359,宀,3
5360,脩,3
5361,皲,3
5362,蜉,3
5363,氖,3
5364,猥,3
5365,鳏,3
5366,鳑,3
5367,鲏,3
5368,榀,3
5369,犸,3
5370,蒹,3
5371,屐,3
5372,赧,3
5373,帙,3
5374,伥,3
5375,朕,3
5376,澹,3
5377,谝,3
5378,铼,3
5379,悚,3
5380,跂,3
5381,诨,3
5382,碶,3
5383,耵,3
5384,聍,3
5385,撵,3
5386,蝼,3
5387,鏊,3
5388,岢,3
5389,铐,3
5390,砭,3
5391,倴,3
5392,瑄,3
5393,跖,3
5394,笹,3
5395,洺,3
5396,蟑,3
5397,珰,3
5398,鹧,3
5399,鸪,3
5400,蕖,3
5401,碜,3
5402,爻,3
5403,刈,3
5404,洑,3
5405,祓,3
5406,饷,3
5407,茔,3
5408,栊,3
5409,饧,3
5410,鴽,3
5411,溱,3
5412,洙,3
5413,胴,3
5414,唔,3
5415,鳙,3
5416,鹎,3
5417,菘,3
5418,纨,3
5419,鲵,3
5420,荇,3
5421,榷,3
5422,踯,3
5423,躅,3
5424,牤,3
5425,胫,3
5426,觐,3
5427,膻,3
5428,郃,3
5429,墉,3
5430,浕,3
5431,缄,3
5432,欸,3
5433,盅,3
5434,貉,3
5435,旼,3
5436,麝,3
5437,豕,3
5438,磙,3
5439,篦,3
5440,桲,3
5441,俟,3
5442,绾,3
5443,缵,3
5444,邋,3
5445,遢,3
5446,箧,3
5447,魇,3
5448,飕,3
5449,豢,3
5450,忪,3
5451,筘,3
5452,酽,3
5453,貘,3
5454,醜,3
5455,環,3
5456,妾,3
5457,偾,3
5458,缯,3
5459,飏,3
5460,蛞,3
5461,蝓,3
5462,谞,3
5463,喋,3
5464,炤,3
5465,囔,3
5466,喔,3
5467,窕,3
5468,懑,3
5469,棫,3
5470,柰,3
5471,崞,3
5472,尅,3
5473,蝮,3
5474,泃,3
5475,呴,3
5476,鹚,2
5477,谘,2
5478,诒,2
5479,镬,2
5480,莳,2
5481,湫,2
5482,骈,2
5483,啻,2
5484,夨,2
5485,倥,2
5486,偬,2
5487,颚,2
5488,灃,2
5489,篥,2
5490,辏,2
5491,郢,2
5492,铙,2
5493,葑,2
5494,阋,2
5495,铪,2
5496,龃,2
5497,龉,2
5498,篑,2
5499,媾,2
5500,邶,2
5501,怛,2
5502,楦,2
5503,巎,2
5504,殄,2
5505,俶,2
5506,肮,2
5507,羼,2
5508,贇,2
5509,舳,2
5510,舻,2
5511,裉,2
5512,恻,2
5513,谶,2
5514,腭,2
5515,瞢,2
5516,蛄,2
5517,孬,2
5518,洌,2
5519,蛱,2
5520,蘅,2
5521,咾,2
5522,俳,2
5523,笏,2
5524,顼,2
5525,鹈,2
5526,鹕,2
5527,癜,2
5528,鹫,2
5529,戆,2
5530,铉,2
5531,炷,2
5532,箢,2
5533,镃,2
5534,骶,2
5535,藁,2
5536,幞,2
5537,瞟,2
5538,縻,2
5539,胼,2
5540,胝,2
5541,埽,2
5542,荦,2
5543,揲,2
5544,尜,2
5545,篸,2
5546,昤,2
5547,蚩,2
5548,籴,2
5549,黼,2
5550,絺,2
5551,牒,2
5552,逋,2
5553,蘋,2
5554,訇,2
5555,嗝,2
5556,彘,2
5557,龘,2
5558,膑,2
5559,羮,2
5560,僮,2
5561,嵋,2
5562,酐,2
5563,傀,2
5564,儡,2
5565,撺,2
5566,墀,2
5567,唳,2
5568,嘚,2
5569,芫,2
5570,荽,2
5571,濬,2
5572,怔,2
5573,胄,2
5574,欿,2
5575,鲃,2
5576,疸,2
5577,泺,2
5578,怂,2
5579,恿,2
5580,耖,2
5581,稗,2
5582,痨,2
5583,叵,2
5584,镥,2
5585,萏,2
5586,垓,2
5587,扪,2
5588,瘘,2
5589,纐,2
5590,纈,2
5591,踅,2
5592,侩,2
5593,瞀,2
5594,阕,2
5595,蛐,2
5596,轸,2
5597,垆,2
5598,棨,2
5599,姮,2
5600,颢,2
5601,愎,2
5602,瑢,2
5603,酆,2
5604,鳕,2
5605,韫,2
5606,蘼,2
5607,礿,2
5608,粸,2
5609,镝,2
5610,轱,2
5611,暎,2
5612,渟,2
5613,仵,2
5614,甾,2
5615,韪,2
5616,譞,2
5617,逡,2
5618,颞,2
5619,鸩,2
5620,蓼,2
5621,痔,2
5622,簟,2
5623,龑,2
5624,唛,2
5625,衩,2
5626,囗,2
5627,艅,2
5628,艎,2
5629,籀,2
5630,阄,2
5631,蹩,2
5632,笄,2
5633,畬,2
5634,岜,2
5635,僭,2
5636,橐,2
5637,髂,2
5638,膈,2
5639,昡,2
5640,踹,2
5641,莂,2
5642,苫,2
5643,咦,2
5644,惇,2
5645,仡,2
5646,櫆,2
5647,浛,2
5648,翙,2
5649,訸,2
5650,壄,2
5651,诅,2
5652,薤,2
5653,忿,2
5654,刎,2
5655,槁,2
5656,櫶,2
5657,怍,2
5658,卮,2
5659,拊,2
5660,苧,2
5661,钍,2
5662,湧,2
5663,玓,2
5664,绌,2
5665,衽,2
5666,趿,2
5667,剀,2
5668,谗,2
5669,髌,2
5670,铬,2
5671,猞,2
5672,猁,2
5673,珪,2
5674,芏,2
5675,匏,2
5676,忤,2
5677,嵴,2
5678,槊,2
5679,笞,2
5680,蠡,2
5681,泅,2
5682,镧,2
5683,鳔,2
5684,衲,2
5685,颏,2
5686,菔,2
5687,炘,2
5688,蝤,2
5689,蠓,2
5690,朅,2
5691,堠,2
5692,桠,2
5693,脘,2
5694,岕,2
5695,琚,2
5696,疝,2
5697,鲠,2
5698,樨,2
5699,缟,2
5700,瀍,2
5701,歃,2
5702,骕,2
5703,幹,2
5704,艉,2
5705,翮,2
5706,祆,2
5707,壸,2
5708,璠,2
5709,枰,2
5710,柈,2
5711,糨,2
5712,榃,2
5713,鲼,2
5714,腚,2
5715,茀,2
5716,镒,2
5717,宬,2
5718,佞,2
5719,镣,2
5720,咘,2
5721,埕,2
5722,糁,2
5723,猇,2
5724,栒,2
5725,鑨,2
5726,鄐,2
5727,跸,2
5728,汔,2
5729,簰,2
5730,咥,2
5731,笕,2
5732,玱,2
5733,鱓,2
5734,袈,2
5735,裟,2
5736,仟,2
5737,穀,2
5738,矻,2
5739,朊,2
5740,邴,2
5741,仉,2
5742,鲚,2
5743,膴,2
5744,赑,2
5745,弢,2
5746,镈,2
5747,茓,2
5748,潟,2
5749,噫,2
5750,嚱,2
5751,嘧,2
5752,啶,2
5753,痤,2
5754,厣,2
5755,妓,2
5756,玘,2
5757,惴,2
5758,禚,1
5759,骀,1
5760,炔,1
5761,怄,1
5762,镱,1
5763,璩,1
5764,愆,1
5765,诜,1
5766,雊,1
5767,觌,1
5768,竜,1
5769,艮,1
5770,鎣,1
5771,肛,1
5772,纡,1
5773,銙,1
5774,饫,1
5775,齁,1
5776,嘤,1
5777,孖,1
5778,燐,1
5779,茡,1
5780,圮,1
5781,曛,1
5782,鳎,1
5783,嫖,1
5784,呲,1
5785,筻,1
5786,泐,1
5787,欻,1
5788,毘,1
5789,狻,1
5790,猊,1
5791,锠,1
5792,讵,1
5793,爰,1
5794,暐,1
5795,獾,1
5796,垇,1
5797,沔,1
5798,倗,1
5799,蚬,1
5800,洐,1
5801,寔,1
5802,芈,1
5803,隄,1
5804,麛,1
5805,鷇,1
5806,堞,1
5807,孛,1
5808,忝,1
5809,灅,1
5810,戹,1
5811,佾,1
5812,媪,1
5813,鬣,1
5814,镕,1
5815,篪,1
5816,囧,1
5817,讣,1
5818,滉,1
5819,匜,1
5820,虵,1
5821,砦,1
5822,磜,1
5823,阊,1
5824,暤,1
5825,髈,1
5826,艌,1
5827,骖,1
5828,笊,1
5829,炆,1
5830,喾,1
5831,鼬,1
5832,珅,1
5833,稣,1
5834,埈,1
5835,葸,1
5836,燦,1
5837,摛,1
5838,胍,1
5839,搛,1
5840,酊,1
5841,嗵,1
5842,妲,1
5843,梽,1
5844,椪,1
5845,砑,1
5846,嶝,1
5847,氰,1
5848,薜,1
5849,铑,1
5850,桧,1
5851,桫,1
5852,禮,1
5853,豸,1
5854,蝣,1
5855,戢,1
5856,菹,1
5857,氓,1
5858,珥,1
5859,鹗,1
5860,黻,1
5861,傥,1
5862,髭,1
5863,缑,1
5864,膂,1
5865,铩,1
5866,蕞,1
5867,枵,1
5868,衿,1
5869,嗢,1
5870,挢,1
5871,熳,1
5872,嶒,1
5873,苻,1
5874,羣,1
5875,龍,1
5876,鳳,1
5877,癞,1
5878,赦,1
5879,劭,1
5880,捯,1
5881,喓,1
5882,椀,1
5883,褙,1
5884,骰,1
5885,瓒,1
5886,簃,1
5887,杕,1
5888,鄄,1
5889,嵯,1
5890,嗪,1
5891,荩,1
5892,裆,1
5893,酩,1
5894,睑,1
5895,鼽,1
5896,菂,1
5897,窋,1
5898,髀,1
5899,醮,1
5900,俵,1
5901,玗,1
5902,妫,1
5903,伋,1
5904,俾,1
5905,炅,1
5906,谄,1
5907,吲,1
5908,哚,1
5909,棰,1
5910,殳,1
5911,淏,1
5912,觋,1
5913,皞,1
5914,禘,1
5915,烝,1
5916,钆,1
5917,铽,1
5918,钪,1
5919,葎,1
5920,鄜,1
5921,鞯,1
5922,潆,1
5923,邽,1
5924,娈,1
5925,溦,1
5926,榉,1
5927,酢,1
5928,椋,1
5929,睨,1
5930,妪,1
5931,蛉,1
5932,疔,1
5933,蒡,1
5934,瘰,1
5935,疬,1
5936,苡,1
5937,砘,1
5938,蹀,1
5939,躞,1
5940,绔,1
5941,狎,1
5942,媻,1
5943,刂,1
5944,隗,1
5945,恚,1
5946,韂,1
5947,恽,1
5948,玕,1
5949,楢,1
5950,镆,1
5951,铘,1
5952,黹,1
5953,嘬,1
5954,澌,1
5955,磉,1
5956,蓖,1
5957,咻,1
5958,棻,1
5959,獒,1
5960,庠,1
5961,氕,1
5962,沩,1
5963,蓢,1
5964,缣,1
5965,桀,1
5966,戡,1
5967,炣,1
5968,砗,1
5969,磲,1
5970,瑁,1
5971,痦,1
5972,眈,1
5973,鉌,1
5974,魍,1
5975,魉,1
5976,芣,1
5977,苢,1
5978,矅,1
5979,璗,1
5980,缲,1
5981,岵,1
5982,舣,1
5983,踬,1
5984,绦,1
5985,掤,1
5986,罥,1
5987,瓿,1
5988,粺,1
5989,骦,1
5990,幂,1
5991,偈,1
5992,岬,1
5993,黠,1
5994,渖,1
5995,篠,1
5996,塚,1
5997,旴,1
5998,祗,1
5999,罾,1
6000,筢,1
6001,畀,1
6002,鼩,1
6003,鹍,1
6004,坼,1
6005,贶,1
6006,邠,1
6007,麾,1
6008,畚,1
6009,澥,1
6010,奓,1
6011,赝,1
6012,筅,1
6013,睾,1
6014,沬,1
6015,舦,1
6016,浍,1
6017,閤,1
6018,冚,1
6019,跗,1
6020,婇,1
6021,栻,1
6022,轪,1
6023,栲,1
6024,栳,1
6025,畇,1
6026,澶,1
6027,劬,1
6028,蚍,1
6029,脲,1
6030,羑,1
6031,滓,1
6032,砆,1
6033,旰,1
6034,壎,1
6035,泔,1
6036,昺,1
6037,漶,1
6038,唿,1
6039,滠,1
6040,佻,1
6041,荑,1
6042,堽,1
6043,霰,1
6044,甓,1
6045,榱,1
6046,苾,1
6047,楧,1
6048,薨,1
6049,鋐,1
6050,胪,1
6051,蹉,1
6052,跎,1
6053,粲,1
6054,砲,1
6055,崤,1
6056,淛,1
6057,蛭,1
6058,遄,1
6059,鍱,1
6060,哏,1
6061,抟,1
6062,嗟,1
6063,疰,1
6064,訄,1
6065,憓,1
6066,嬿,1
6067,绲,1
6068,翦,1
6069,囯,1
6070,桤,1
6071,箪,1
6072,琹,1
6073,罟,1
6074,洿,1
6075,慆,1
6076,罨,1
6077,鸤,1
6078,鈗,1
6079,缦,1
6080,瘅,1
6081,俦,1
6082,珵,1
6083,矼,1
6084,鲩,1
6085,鹖,1
6086,麹,1
6087,屷,1
6088,崦,1
6089,浬,1
6090,屦,1
6091,帑,1
6092,攮,1
6093,贽,1
6094,郏,1
6095,帻,1
6096,岺,1
6097,钽,1
6098,髁,1
6099,笮,1
6100,倻,1
6101,袴,1
6102,锒,1
6103,昚,1
6104,骷,1
6105,髅,1
6106,鋬,1
6107,弑,1
6108,奡,1
6109,颋,1
6110,畯,1
6111,訾,1
6112,倨,1
6113,埤,1
6114,茝,1
6115,帏,1
6116,绤,1
6117,係,1
6118,垵,1
6119,玙,1
6120,苴,1
6121,潴,1
6122,喑,1
6123,栱,1
6124,陞,1
6125,谖,1
6126,噍,1
6127,哖,1
6128,磔,1
6129,钌,1
6130,岀,1
6131,睃,1
6132,哝,1
6133,甦,1
6134,擢,1
6135,埸,1
6136,苌,1
6137,鼯,1
6138,辋,1
6139,鲆,1
6140,铊,1
6141,鄚,1
6142,钡,1
6143,氿,1
6144,劾,1
6145,芗,1
6146,琤,1
6147,捌,1
6148,塄,1
6149,颙,1
6150,鮈,1
6151,鳤,1
6152,鳠,1
6153,鞑,1
6154,靼,1
6155,濞,1
6156,藐,1
6157,氅,1
6158,樗,1
6159,蒱,1
6160,鲘,1
6161,牾,1
6162,窈,1
6163,蝽,1
6164,楛,1
6165,砮,1
6166,谮,1
6167,巂,1
6168,豳,1
6169,衮,1
6170,醯,1
6171,匽,1
6172,烀,1
6173,敫,1
6174,漈,1
6175,菉,1
6176,萩,1
6177,鳊,1
6178,瘗,1
6179,诓,1
6180,洎,1
6181,焅,1
6182,塅,1
6183,褴,1
6184,褛,1
6185,爝,1
6186,埚,1
6187,燔,1
6188,椠,1
6189,蝾,1
6190,螈,1
6191,睆,1
6192,羜,1
6193,妁,1
6194,繇,1
6195,铓,1
6196,瘼,1
6197,蠵,1
6198,啵,1
6199,纮,1
6200,釭,1
6201,噘,1
6202,蔹,1
6203,鲮,1
6204,洨,1
6205,鬶,1
6206,黩,1
6207,侪,1
6208,黧,1
6209,蒴,1
6210,蓂,1
